// GENERATED FILE -- DO NOT EDIT BY HAND.
//
// Produced by scripts/generate-remote-desktop-brand-asset.mjs from the single
// canonical logo web/public/imcodes-robot-avatar.png. Re-run that script after
// changing the logo; test/spec/windows-remote-desktop-build-manifests.test.ts
// fails if this file and the canonical PNG ever disagree.
//
// source: web/public/imcodes-robot-avatar.png
// sha256: 99b339111d478803d3932d4f3ec0b2112a98743dc579362800e0ff808d8930a9

#ifndef IMCODES_REMOTE_DESKTOP_BRAND_LOGO_GENERATED_H_
#define IMCODES_REMOTE_DESKTOP_BRAND_LOGO_GENERATED_H_

namespace imcodes::rd::brand {

// sha256 of the canonical PNG these bitmaps were derived from.
inline constexpr char kCanonicalLogoSha256[] = "99b339111d478803d3932d4f3ec0b2112a98743dc579362800e0ff808d8930a9";

// Premultiplied BGRA, top-down, no padding: size * size * 4 bytes each.
inline constexpr unsigned char kLogoBgra20[] = {
    0x00, 0x00, 0x00, 0x00, 0x00, 0x00, 0x00, 0x00, 0x00, 0x00, 0x00, 0x00, 0x00, 0x00, 0x00, 0x00,
    0x00, 0x00, 0x00, 0x00, 0x00, 0x00, 0x00, 0x00, 0x00, 0x00, 0x00, 0x00, 0x00, 0x00, 0x00, 0x00,
    0x00, 0x00, 0x00, 0x00, 0x00, 0x00, 0x00, 0x00, 0x00, 0x00, 0x00, 0x00, 0x00, 0x00, 0x00, 0x00,
    0x00, 0x00, 0x00, 0x00, 0x00, 0x00, 0x00, 0x00, 0x00, 0x00, 0x00, 0x00, 0x00, 0x00, 0x00, 0x00,
    0x00, 0x00, 0x00, 0x00, 0x00, 0x00, 0x00, 0x00, 0x00, 0x00, 0x00, 0x00, 0x00, 0x00, 0x00, 0x00,
    0x00, 0x00, 0x00, 0x00, 0x00, 0x00, 0x00, 0x00, 0x00, 0x00, 0x00, 0x00, 0x00, 0x00, 0x00, 0x00,
    0x00, 0x00, 0x00, 0x00, 0x00, 0x00, 0x00, 0x00, 0x00, 0x00, 0x00, 0x00, 0x00, 0x00, 0x00, 0x00,
    0x00, 0x00, 0x00, 0x00, 0x8f, 0x85, 0x3b, 0xbe, 0x8e, 0x84, 0x3c, 0xbe, 0x00, 0x00, 0x00, 0x00,
    0x00, 0x00, 0x00, 0x00, 0x00, 0x00, 0x00, 0x00, 0x00, 0x00, 0x00, 0x00, 0x00, 0x00, 0x00, 0x00,
    0x00, 0x00, 0x00, 0x00, 0x00, 0x00, 0x00, 0x00, 0x00, 0x00, 0x00, 0x00, 0x00, 0x00, 0x00, 0x00,
    0x00, 0x00, 0x00, 0x00, 0x00, 0x00, 0x00, 0x00, 0x00, 0x00, 0x00, 0x00, 0x00, 0x00, 0x00, 0x00,
    0x00, 0x00, 0x00, 0x00, 0x00, 0x00, 0x00, 0x00, 0x00, 0x00, 0x00, 0x00, 0x00, 0x00, 0x00, 0x00,
    0x00, 0x00, 0x00, 0x00, 0x72, 0x69, 0x25, 0xbc, 0x70, 0x67, 0x24, 0xbc, 0x00, 0x00, 0x00, 0x00,
    0x00, 0x00, 0x00, 0x00, 0x00, 0x00, 0x00, 0x00, 0x00, 0x00, 0x00, 0x00, 0x00, 0x00, 0x00, 0x00,
    0x00, 0x00, 0x00, 0x00, 0x00, 0x00, 0x00, 0x00, 0x00, 0x00, 0x00, 0x00, 0x00, 0x00, 0x00, 0x00,
    0x00, 0x00, 0x00, 0x00, 0x00, 0x00, 0x00, 0x00, 0x00, 0x00, 0x00, 0x00, 0x00, 0x00, 0x00, 0x00,
    0x00, 0x00, 0x00, 0x00, 0x00, 0x00, 0x00, 0x00, 0x00, 0x00, 0x00, 0x00, 0x00, 0x00, 0x00, 0x01,
    0x19, 0x18, 0x17, 0x1b, 0x31, 0x2b, 0x1e, 0x96, 0x36, 0x31, 0x27, 0x96, 0x1a, 0x18, 0x17, 0x1c,
    0x00, 0x00, 0x00, 0x01, 0x00, 0x00, 0x00, 0x00, 0x00, 0x00, 0x00, 0x00, 0x00, 0x00, 0x00, 0x00,
    0x00, 0x00, 0x00, 0x00, 0x00, 0x00, 0x00, 0x00, 0x00, 0x00, 0x00, 0x00, 0x00, 0x00, 0x00, 0x00,
    0x00, 0x00, 0x00, 0x00, 0x00, 0x00, 0x00, 0x00, 0x00, 0x00, 0x00, 0x00, 0x00, 0x00, 0x00, 0x00,
    0x00, 0x00, 0x00, 0x00, 0x03, 0x03, 0x03, 0x03, 0x67, 0x5f, 0x59, 0x74, 0x97, 0x87, 0x79, 0xe1,
    0x8f, 0x7d, 0x6c, 0xff, 0x57, 0x4c, 0x3d, 0xff, 0x50, 0x47, 0x3a, 0xff, 0x7b, 0x6b, 0x5c, 0xff,
    0x82, 0x74, 0x66, 0xe1, 0x5d, 0x54, 0x4d, 0x73, 0x03, 0x03, 0x03, 0x03, 0x00, 0x00, 0x00, 0x00,
    0x00, 0x00, 0x00, 0x00, 0x00, 0x00, 0x00, 0x00, 0x00, 0x00, 0x00, 0x00, 0x00, 0x00, 0x00, 0x00,
    0x00, 0x00, 0x00, 0x00, 0x00, 0x00, 0x00, 0x00, 0x00, 0x00, 0x00, 0x00, 0x00, 0x00, 0x00, 0x00,
    0x03, 0x03, 0x03, 0x04, 0x9f, 0x93, 0x8a, 0xb2, 0xa4, 0x93, 0x89, 0xff, 0x61, 0x5a, 0x55, 0xff,
    0x62, 0x5d, 0x5b, 0xff, 0x76, 0x71, 0x70, 0xff, 0x7d, 0x77, 0x76, 0xff, 0x6b, 0x66, 0x65, 0xff,
    0x51, 0x4c, 0x49, 0xff, 0x64, 0x5a, 0x52, 0xff, 0x7e, 0x73, 0x69, 0xb3, 0x04, 0x03, 0x03, 0x04,
    0x00, 0x00, 0x00, 0x00, 0x00, 0x00, 0x00, 0x00, 0x00, 0x00, 0x00, 0x00, 0x00, 0x00, 0x00, 0x00,
    0x00, 0x00, 0x00, 0x00, 0x00, 0x00, 0x00, 0x00, 0x00, 0x00, 0x00, 0x00, 0x00, 0x00, 0x00, 0x00,
    0x4f, 0x46, 0x3b, 0x73, 0xa8, 0x97, 0x8d, 0xff, 0x8c, 0x85, 0x84, 0xff, 0x3e, 0x3b, 0x37, 0xff,
    0x41, 0x3f, 0x3d, 0xff, 0x56, 0x54, 0x53, 0xff, 0x67, 0x65, 0x65, 0xff, 0x5f, 0x5d, 0x5c, 0xff,
    0x47, 0x44, 0x42, 0xff, 0x72, 0x6c, 0x6b, 0xff, 0x61, 0x58, 0x51, 0xff, 0x46, 0x3e, 0x34, 0x71,
    0x00, 0x00, 0x00, 0x00, 0x00, 0x00, 0x00, 0x00, 0x00, 0x00, 0x00, 0x00, 0x00, 0x00, 0x00, 0x00,
    0x00, 0x00, 0x00, 0x00, 0x00, 0x00, 0x00, 0x00, 0x00, 0x00, 0x00, 0x00, 0x02, 0x02, 0x02, 0x04,
    0x6a, 0x5c, 0x4a, 0xdb, 0x91, 0x88, 0x83, 0xff, 0x91, 0x8c, 0x8d, 0xff, 0x51, 0x4d, 0x2c, 0xff,
    0x98, 0x92, 0x3f, 0xff, 0x72, 0x6c, 0x3d, 0xff, 0x8e, 0x89, 0x4f, 0xff, 0x96, 0x91, 0x4f, 0xff,
    0x5a, 0x56, 0x3b, 0xff, 0xa0, 0x97, 0x96, 0xff, 0x68, 0x62, 0x60, 0xff, 0x58, 0x4c, 0x3d, 0xda,
    0x02, 0x02, 0x02, 0x04, 0x00, 0x00, 0x00, 0x00, 0x00, 0x00, 0x00, 0x00, 0x00, 0x00, 0x00, 0x00,
    0x00, 0x00, 0x00, 0x00, 0x00, 0x00, 0x00, 0x00, 0x00, 0x00, 0x00, 0x01, 0x4c, 0x41, 0x34, 0x92,
    0x3f, 0x37, 0x2b, 0xff, 0x67, 0x60, 0x5c, 0xff, 0x80, 0x7c, 0x7c, 0xff, 0x61, 0x5d, 0x5a, 0xff,
    0x30, 0x2d, 0x28, 0xff, 0x2b, 0x41, 0x45, 0xff, 0x30, 0x46, 0x4b, 0xff, 0x3d, 0x39, 0x33, 0xff,
    0x7d, 0x76, 0x73, 0xff, 0x9c, 0x91, 0x91, 0xff, 0x54, 0x4f, 0x4d, 0xff, 0x35, 0x2f, 0x27, 0xff,
    0x48, 0x3f, 0x35, 0x91, 0x00, 0x00, 0x00, 0x01, 0x00, 0x00, 0x00, 0x00, 0x00, 0x00, 0x00, 0x00,
    0x00, 0x00, 0x00, 0x00, 0x00, 0x00, 0x00, 0x00, 0x36, 0x31, 0x18, 0x4c, 0x52, 0x4d, 0x47, 0xff,
    0x2d, 0x29, 0x24, 0xff, 0x1f, 0x1d, 0x1b, 0xff, 0x09, 0x07, 0x02, 0xff, 0x24, 0x20, 0x18, 0xff,
    0x30, 0x2d, 0x29, 0xff, 0x27, 0x26, 0x27, 0xff, 0x2e, 0x2e, 0x2f, 0xff, 0x42, 0x3e, 0x3a, 0xff,
    0x32, 0x2d, 0x25, 0xff, 0x0c, 0x09, 0x03, 0xff, 0x15, 0x13, 0x11, 0xff, 0x2f, 0x2c, 0x29, 0xff,
    0x5a, 0x55, 0x50, 0xff, 0x36, 0x31, 0x1a, 0x4c, 0x00, 0x00, 0x00, 0x00, 0x00, 0x00, 0x00, 0x00,
    0x00, 0x00, 0x00, 0x00, 0x00, 0x00, 0x00, 0x00, 0x55, 0x4d, 0x20, 0x89, 0x77, 0x73, 0x6f, 0xff,
    0x2d, 0x2b, 0x29, 0xff, 0x1d, 0x1a, 0x0e, 0xff, 0x66, 0x60, 0x0d, 0xff, 0x7a, 0x73, 0x0d, 0xff,
    0x43, 0x3e, 0x0a, 0xff, 0x0f, 0x0c, 0x09, 0xff, 0x19, 0x16, 0x11, 0xff, 0x50, 0x4a, 0x14, 0xff,
    0x7d, 0x76, 0x0e, 0xff, 0x67, 0x61, 0x0f, 0xff, 0x19, 0x16, 0x0b, 0xff, 0x38, 0x35, 0x35, 0xff,
    0x80, 0x7c, 0x79, 0xff, 0x55, 0x4d, 0x24, 0x88, 0x00, 0x00, 0x00, 0x00, 0x00, 0x00, 0x00, 0x00,
    0x00, 0x00, 0x00, 0x00, 0x00, 0x00, 0x00, 0x00, 0x49, 0x42, 0x16, 0x7a, 0x20, 0x35, 0x41, 0xff,
    0x1a, 0x19, 0x17, 0xff, 0x39, 0x34, 0x05, 0xff, 0x79, 0x72, 0x0c, 0xff, 0x31, 0x2a, 0x01, 0xff,
    0x73, 0x6c, 0x0e, 0xff, 0x08, 0x05, 0x01, 0xff, 0x0d, 0x09, 0x02, 0xff, 0x77, 0x70, 0x10, 0xff,
    0x33, 0x2c, 0x01, 0xff, 0x7b, 0x73, 0x0e, 0xff, 0x38, 0x34, 0x04, 0xff, 0x22, 0x21, 0x21, 0xff,
    0x21, 0x37, 0x43, 0xff, 0x48, 0x42, 0x19, 0x7a, 0x00, 0x00, 0x00, 0x00, 0x00, 0x00, 0x00, 0x00,
    0x00, 0x00, 0x00, 0x00, 0x00, 0x00, 0x00, 0x00, 0x1a, 0x18, 0x08, 0x24, 0x1e, 0x28, 0x26, 0xf9,
    0x2b, 0x26, 0x1f, 0xff, 0x10, 0x0d, 0x09, 0xff, 0x51, 0x4b, 0x0c, 0xff, 0x79, 0x71, 0x0f, 0xff,
    0x3b, 0x36, 0x09, 0xff, 0x05, 0x02, 0x01, 0xff, 0x06, 0x04, 0x01, 0xff, 0x3e, 0x38, 0x0a, 0xff,
    0x7a, 0x73, 0x11, 0xff, 0x51, 0x4b, 0x0e, 0xff, 0x11, 0x0f, 0x0c, 0xff, 0x2a, 0x27, 0x23, 0xff,
    0x20, 0x2a, 0x29, 0xf9, 0x1b, 0x19, 0x0a, 0x24, 0x00, 0x00, 0x00, 0x00, 0x00, 0x00, 0x00, 0x00,
    0x00, 0x00, 0x00, 0x00, 0x00, 0x00, 0x00, 0x00, 0x00, 0x00, 0x00, 0x00, 0x0a, 0x08, 0x03, 0x21,
    0x50, 0x43, 0x2e, 0xdd, 0x43, 0x3e, 0x3a, 0xff, 0x2a, 0x27, 0x24, 0xff, 0x13, 0x10, 0x0b, 0xff,
    0x07, 0x04, 0x02, 0xff, 0x05, 0x02, 0x01, 0xff, 0x05, 0x03, 0x01, 0xff, 0x08, 0x05, 0x02, 0xff,
    0x15, 0x12, 0x0d, 0xff, 0x30, 0x2e, 0x2b, 0xff, 0x47, 0x43, 0x40, 0xff, 0x49, 0x3e, 0x2d, 0xde,
    0x0b, 0x09, 0x05, 0x21, 0x00, 0x00, 0x00, 0x00, 0x00, 0x00, 0x00, 0x00, 0x00, 0x00, 0x00, 0x00,
    0x00, 0x00, 0x00, 0x00, 0x00, 0x00, 0x00, 0x00, 0x00, 0x00, 0x00, 0x00, 0x00, 0x00, 0x00, 0x00,
    0x23, 0x1d, 0x14, 0x3a, 0x4b, 0x40, 0x2e, 0xf5, 0x37, 0x33, 0x30, 0xff, 0x5c, 0x5a, 0x5a, 0xff,
    0x2b, 0x28, 0x27, 0xff, 0x33, 0x31, 0x30, 0xff, 0x36, 0x34, 0x33, 0xff, 0x2f, 0x2d, 0x2c, 0xff,
    0x5d, 0x5a, 0x5b, 0xff, 0x38, 0x35, 0x33, 0xff, 0x48, 0x3e, 0x30, 0xf6, 0x25, 0x1f, 0x17, 0x3b,
    0x00, 0x00, 0x00, 0x00, 0x00, 0x00, 0x00, 0x00, 0x00, 0x00, 0x00, 0x00, 0x00, 0x00, 0x00, 0x00,
    0x00, 0x00, 0x00, 0x00, 0x00, 0x00, 0x00, 0x00, 0x00, 0x00, 0x00, 0x00, 0x00, 0x00, 0x00, 0x00,
    0x00, 0x00, 0x00, 0x00, 0x10, 0x0d, 0x08, 0x28, 0x35, 0x2c, 0x1e, 0xd4, 0x36, 0x32, 0x2d, 0xff,
    0x29, 0x24, 0x1f, 0xff, 0x28, 0x23, 0x1a, 0xff, 0x27, 0x22, 0x1a, 0xff, 0x29, 0x25, 0x20, 0xff,
    0x34, 0x30, 0x2d, 0xff, 0x34, 0x2d, 0x21, 0xd4, 0x11, 0x0f, 0x09, 0x29, 0x00, 0x00, 0x00, 0x00,
    0x00, 0x00, 0x00, 0x00, 0x00, 0x00, 0x00, 0x00, 0x00, 0x00, 0x00, 0x00, 0x00, 0x00, 0x00, 0x00,
    0x00, 0x00, 0x00, 0x00, 0x00, 0x00, 0x00, 0x00, 0x00, 0x00, 0x00, 0x00, 0x00, 0x00, 0x00, 0x00,
    0x00, 0x00, 0x00, 0x00, 0x1e, 0x19, 0x14, 0x29, 0x45, 0x38, 0x25, 0xef, 0x0e, 0x0e, 0x0d, 0xff,
    0x11, 0x0f, 0x0b, 0xff, 0x1a, 0x16, 0x09, 0xff, 0x1a, 0x16, 0x09, 0xff, 0x11, 0x10, 0x0d, 0xff,
    0x0f, 0x0e, 0x0e, 0xff, 0x3f, 0x35, 0x25, 0xef, 0x1d, 0x19, 0x15, 0x29, 0x00, 0x00, 0x00, 0x00,
    0x00, 0x00, 0x00, 0x00, 0x00, 0x00, 0x00, 0x00, 0x00, 0x00, 0x00, 0x00, 0x00, 0x00, 0x00, 0x00,
    0x00, 0x00, 0x00, 0x00, 0x00, 0x00, 0x00, 0x00, 0x00, 0x00, 0x00, 0x00, 0x00, 0x00, 0x00, 0x00,
    0x00, 0x00, 0x00, 0x00, 0x59, 0x4b, 0x38, 0xdf, 0x43, 0x40, 0x3e, 0xff, 0x40, 0x5a, 0x6a, 0xff,
    0x39, 0x36, 0x2d, 0xff, 0x3f, 0x3b, 0x33, 0xff, 0x44, 0x40, 0x37, 0xff, 0x3c, 0x39, 0x31, 0xff,
    0x3f, 0x59, 0x6a, 0xff, 0x3c, 0x3a, 0x38, 0xff, 0x51, 0x45, 0x37, 0xdf, 0x00, 0x00, 0x00, 0x00,
    0x00, 0x00, 0x00, 0x00, 0x00, 0x00, 0x00, 0x00, 0x00, 0x00, 0x00, 0x00, 0x00, 0x00, 0x00, 0x00,
    0x00, 0x00, 0x00, 0x00, 0x00, 0x00, 0x00, 0x00, 0x00, 0x00, 0x00, 0x00, 0x00, 0x00, 0x00, 0x00,
    0x00, 0x00, 0x00, 0x00, 0x05, 0x05, 0x03, 0x26, 0x16, 0x14, 0x13, 0x7d, 0x24, 0x22, 0x1d, 0xaa,
    0x5c, 0x57, 0x1a, 0xc2, 0x79, 0x71, 0x2f, 0xd3, 0x7a, 0x72, 0x30, 0xd3, 0x5b, 0x56, 0x1a, 0xc2,
    0x24, 0x22, 0x1e, 0xaa, 0x14, 0x13, 0x12, 0x7d, 0x04, 0x04, 0x03, 0x27, 0x00, 0x00, 0x00, 0x00,
    0x00, 0x00, 0x00, 0x00, 0x00, 0x00, 0x00, 0x00, 0x00, 0x00, 0x00, 0x00, 0x00, 0x00, 0x00, 0x00,
    0x00, 0x00, 0x00, 0x00, 0x00, 0x00, 0x00, 0x00, 0x00, 0x00, 0x00, 0x00, 0x00, 0x00, 0x00, 0x00,
    0x00, 0x00, 0x00, 0x00, 0x00, 0x00, 0x00, 0x00, 0x00, 0x00, 0x00, 0x00, 0x00, 0x00, 0x00, 0x00,
    0x00, 0x00, 0x00, 0x00, 0x00, 0x00, 0x00, 0x00, 0x00, 0x00, 0x00, 0x00, 0x00, 0x00, 0x00, 0x00,
    0x00, 0x00, 0x00, 0x00, 0x00, 0x00, 0x00, 0x00, 0x00, 0x00, 0x00, 0x00, 0x00, 0x00, 0x00, 0x00,
    0x00, 0x00, 0x00, 0x00, 0x00, 0x00, 0x00, 0x00, 0x00, 0x00, 0x00, 0x00, 0x00, 0x00, 0x00, 0x00,
};

inline constexpr unsigned char kLogoBgra30[] = {
    0x00, 0x00, 0x00, 0x00, 0x00, 0x00, 0x00, 0x00, 0x00, 0x00, 0x00, 0x00, 0x00, 0x00, 0x00, 0x00,
    0x00, 0x00, 0x00, 0x00, 0x00, 0x00, 0x00, 0x00, 0x00, 0x00, 0x00, 0x00, 0x00, 0x00, 0x00, 0x00,
    0x00, 0x00, 0x00, 0x00, 0x00, 0x00, 0x00, 0x00, 0x00, 0x00, 0x00, 0x00, 0x00, 0x00, 0x00, 0x00,
    0x00, 0x00, 0x00, 0x00, 0x00, 0x00, 0x00, 0x00, 0x00, 0x00, 0x00, 0x00, 0x00, 0x00, 0x00, 0x00,
    0x00, 0x00, 0x00, 0x00, 0x00, 0x00, 0x00, 0x00, 0x00, 0x00, 0x00, 0x00, 0x00, 0x00, 0x00, 0x00,
    0x00, 0x00, 0x00, 0x00, 0x00, 0x00, 0x00, 0x00, 0x00, 0x00, 0x00, 0x00, 0x00, 0x00, 0x00, 0x00,
    0x00, 0x00, 0x00, 0x00, 0x00, 0x00, 0x00, 0x00, 0x00, 0x00, 0x00, 0x00, 0x00, 0x00, 0x00, 0x00,
    0x00, 0x00, 0x00, 0x00, 0x00, 0x00, 0x00, 0x00, 0x00, 0x00, 0x00, 0x00, 0x00, 0x00, 0x00, 0x00,
    0x00, 0x00, 0x00, 0x00, 0x00, 0x00, 0x00, 0x00, 0x00, 0x00, 0x00, 0x00, 0x00, 0x00, 0x00, 0x00,
    0x00, 0x00, 0x00, 0x00, 0x00, 0x00, 0x00, 0x00, 0x00, 0x00, 0x00, 0x00, 0x00, 0x00, 0x00, 0x00,
    0x00, 0x00, 0x00, 0x00, 0x00, 0x00, 0x00, 0x00, 0x00, 0x00, 0x00, 0x00, 0x00, 0x00, 0x00, 0x01,
    0x36, 0x31, 0x1f, 0x59, 0x36, 0x30, 0x20, 0x59, 0x00, 0x00, 0x00, 0x01, 0x00, 0x00, 0x00, 0x00,
    0x00, 0x00, 0x00, 0x00, 0x00, 0x00, 0x00, 0x00, 0x00, 0x00, 0x00, 0x00, 0x00, 0x00, 0x00, 0x00,
    0x00, 0x00, 0x00, 0x00, 0x00, 0x00, 0x00, 0x00, 0x00, 0x00, 0x00, 0x00, 0x00, 0x00, 0x00, 0x00,
    0x00, 0x00, 0x00, 0x00, 0x00, 0x00, 0x00, 0x00, 0x00, 0x00, 0x00, 0x00, 0x00, 0x00, 0x00, 0x00,
    0x00, 0x00, 0x00, 0x00, 0x00, 0x00, 0x00, 0x00, 0x00, 0x00, 0x00, 0x00, 0x00, 0x00, 0x00, 0x00,
    0x00, 0x00, 0x00, 0x00, 0x00, 0x00, 0x00, 0x00, 0x00, 0x00, 0x00, 0x00, 0x00, 0x00, 0x00, 0x00,
    0x00, 0x00, 0x00, 0x00, 0x00, 0x00, 0x00, 0x00, 0x00, 0x00, 0x00, 0x00, 0x00, 0x00, 0x00, 0x00,
    0x00, 0x00, 0x00, 0x00, 0x40, 0x3a, 0x2a, 0x54, 0xcb, 0xbf, 0x3c, 0xff, 0xcc, 0xc1, 0x3e, 0xff,
    0x3d, 0x38, 0x2a, 0x53, 0x00, 0x00, 0x00, 0x00, 0x00, 0x00, 0x00, 0x00, 0x00, 0x00, 0x00, 0x00,
    0x00, 0x00, 0x00, 0x00, 0x00, 0x00, 0x00, 0x00, 0x00, 0x00, 0x00, 0x00, 0x00, 0x00, 0x00, 0x00,
    0x00, 0x00, 0x00, 0x00, 0x00, 0x00, 0x00, 0x00, 0x00, 0x00, 0x00, 0x00, 0x00, 0x00, 0x00, 0x00,
    0x00, 0x00, 0x00, 0x00, 0x00, 0x00, 0x00, 0x00, 0x00, 0x00, 0x00, 0x00, 0x00, 0x00, 0x00, 0x00,
    0x00, 0x00, 0x00, 0x00, 0x00, 0x00, 0x00, 0x00, 0x00, 0x00, 0x00, 0x00, 0x00, 0x00, 0x00, 0x00,
    0x00, 0x00, 0x00, 0x00, 0x00, 0x00, 0x00, 0x00, 0x00, 0x00, 0x00, 0x00, 0x00, 0x00, 0x00, 0x00,
    0x00, 0x00, 0x00, 0x00, 0x00, 0x00, 0x00, 0x00, 0x00, 0x00, 0x00, 0x00, 0x31, 0x2b, 0x17, 0x4d,
    0xbb, 0xb0, 0x38, 0xff, 0xb9, 0xae, 0x35, 0xff, 0x2e, 0x28, 0x17, 0x4e, 0x00, 0x00, 0x00, 0x00,
    0x00, 0x00, 0x00, 0x00, 0x00, 0x00, 0x00, 0x00, 0x00, 0x00, 0x00, 0x00, 0x00, 0x00, 0x00, 0x00,
    0x00, 0x00, 0x00, 0x00, 0x00, 0x00, 0x00, 0x00, 0x00, 0x00, 0x00, 0x00, 0x00, 0x00, 0x00, 0x00,
    0x00, 0x00, 0x00, 0x00, 0x00, 0x00, 0x00, 0x00, 0x00, 0x00, 0x00, 0x00, 0x00, 0x00, 0x00, 0x00,
    0x00, 0x00, 0x00, 0x00, 0x00, 0x00, 0x00, 0x00, 0x00, 0x00, 0x00, 0x00, 0x00, 0x00, 0x00, 0x00,
    0x00, 0x00, 0x00, 0x00, 0x00, 0x00, 0x00, 0x00, 0x00, 0x00, 0x00, 0x00, 0x00, 0x00, 0x00, 0x00,
    0x00, 0x00, 0x00, 0x00, 0x00, 0x00, 0x00, 0x00, 0x00, 0x00, 0x00, 0x00, 0x00, 0x00, 0x00, 0x00,
    0x00, 0x00, 0x00, 0x00, 0x00, 0x00, 0x00, 0x00, 0x27, 0x22, 0x0d, 0x9e, 0x27, 0x23, 0x0f, 0x9f,
    0x00, 0x00, 0x00, 0x00, 0x00, 0x00, 0x00, 0x00, 0x00, 0x00, 0x00, 0x00, 0x00, 0x00, 0x00, 0x00,
    0x00, 0x00, 0x00, 0x00, 0x00, 0x00, 0x00, 0x00, 0x00, 0x00, 0x00, 0x00, 0x00, 0x00, 0x00, 0x00,
    0x00, 0x00, 0x00, 0x00, 0x00, 0x00, 0x00, 0x00, 0x00, 0x00, 0x00, 0x00, 0x00, 0x00, 0x00, 0x00,
    0x00, 0x00, 0x00, 0x00, 0x00, 0x00, 0x00, 0x00, 0x00, 0x00, 0x00, 0x00, 0x00, 0x00, 0x00, 0x00,
    0x00, 0x00, 0x00, 0x00, 0x00, 0x00, 0x00, 0x00, 0x00, 0x00, 0x00, 0x00, 0x00, 0x00, 0x00, 0x00,
    0x00, 0x00, 0x00, 0x00, 0x00, 0x00, 0x00, 0x00, 0x00, 0x00, 0x00, 0x00, 0x00, 0x00, 0x00, 0x00,
    0x00, 0x00, 0x00, 0x00, 0x01, 0x01, 0x01, 0x02, 0x1e, 0x1d, 0x1c, 0x20, 0x36, 0x32, 0x2d, 0x46,
    0x42, 0x39, 0x27, 0xe4, 0x4c, 0x44, 0x38, 0xe4, 0x36, 0x32, 0x2d, 0x46, 0x1e, 0x1d, 0x1c, 0x21,
    0x01, 0x01, 0x01, 0x02, 0x00, 0x00, 0x00, 0x00, 0x00, 0x00, 0x00, 0x00, 0x00, 0x00, 0x00, 0x00,
    0x00, 0x00, 0x00, 0x00, 0x00, 0x00, 0x00, 0x00, 0x00, 0x00, 0x00, 0x00, 0x00, 0x00, 0x00, 0x00,
    0x00, 0x00, 0x00, 0x00, 0x00, 0x00, 0x00, 0x00, 0x00, 0x00, 0x00, 0x00, 0x00, 0x00, 0x00, 0x00,
    0x00, 0x00, 0x00, 0x00, 0x00, 0x00, 0x00, 0x00, 0x00, 0x00, 0x00, 0x00, 0x00, 0x00, 0x00, 0x00,
    0x00, 0x00, 0x00, 0x00, 0x00, 0x00, 0x00, 0x00, 0x00, 0x00, 0x00, 0x00, 0x00, 0x00, 0x00, 0x00,
    0x00, 0x00, 0x00, 0x00, 0x17, 0x16, 0x16, 0x1a, 0x81, 0x78, 0x6f, 0x94, 0xa8, 0x97, 0x87, 0xe2,
    0xb5, 0x9e, 0x8a, 0xff, 0x90, 0x7b, 0x67, 0xff, 0x4a, 0x40, 0x2d, 0xff, 0x44, 0x3c, 0x2d, 0xff,
    0x7d, 0x6c, 0x5a, 0xff, 0x9d, 0x88, 0x75, 0xff, 0x97, 0x86, 0x76, 0xe3, 0x7d, 0x73, 0x6a, 0x93,
    0x17, 0x16, 0x15, 0x19, 0x00, 0x00, 0x00, 0x00, 0x00, 0x00, 0x00, 0x00, 0x00, 0x00, 0x00, 0x00,
    0x00, 0x00, 0x00, 0x00, 0x00, 0x00, 0x00, 0x00, 0x00, 0x00, 0x00, 0x00, 0x00, 0x00, 0x00, 0x00,
    0x00, 0x00, 0x00, 0x00, 0x00, 0x00, 0x00, 0x00, 0x00, 0x00, 0x00, 0x00, 0x00, 0x00, 0x00, 0x00,
    0x00, 0x00, 0x00, 0x00, 0x00, 0x00, 0x00, 0x00, 0x00, 0x00, 0x00, 0x00, 0x00, 0x00, 0x00, 0x00,
    0x00, 0x00, 0x00, 0x00, 0x00, 0x00, 0x00, 0x00, 0x4e, 0x4b, 0x48, 0x51, 0xd0, 0xbc, 0xaf, 0xef,
    0xa4, 0x90, 0x82, 0xff, 0x5d, 0x51, 0x46, 0xff, 0x55, 0x4d, 0x44, 0xff, 0x50, 0x4a, 0x45, 0xff,
    0x50, 0x4b, 0x45, 0xff, 0x4f, 0x4a, 0x45, 0xff, 0x4d, 0x47, 0x44, 0xff, 0x49, 0x44, 0x3e, 0xff,
    0x43, 0x3c, 0x34, 0xff, 0x72, 0x64, 0x57, 0xff, 0xa7, 0x95, 0x86, 0xef, 0x4a, 0x45, 0x41, 0x51,
    0x00, 0x00, 0x00, 0x00, 0x00, 0x00, 0x00, 0x00, 0x00, 0x00, 0x00, 0x00, 0x00, 0x00, 0x00, 0x00,
    0x00, 0x00, 0x00, 0x00, 0x00, 0x00, 0x00, 0x00, 0x00, 0x00, 0x00, 0x00, 0x00, 0x00, 0x00, 0x00,
    0x00, 0x00, 0x00, 0x00, 0x00, 0x00, 0x00, 0x00, 0x00, 0x00, 0x00, 0x00, 0x00, 0x00, 0x00, 0x00,
    0x00, 0x00, 0x00, 0x00, 0x00, 0x00, 0x00, 0x00, 0x00, 0x00, 0x00, 0x00, 0x51, 0x4e, 0x4a, 0x55,
    0xd6, 0xc1, 0xb3, 0xfc, 0x9c, 0x8c, 0x83, 0xff, 0x8d, 0x85, 0x81, 0xff, 0x4d, 0x48, 0x45, 0xff,
    0x66, 0x61, 0x60, 0xff, 0x79, 0x75, 0x74, 0xff, 0x89, 0x84, 0x83, 0xff, 0x91, 0x8b, 0x8a, 0xff,
    0x89, 0x84, 0x83, 0xff, 0x73, 0x6e, 0x6e, 0xff, 0x4d, 0x48, 0x47, 0xff, 0x63, 0x5e, 0x5b, 0xff,
    0x56, 0x4f, 0x48, 0xff, 0x95, 0x84, 0x76, 0xfc, 0x4c, 0x47, 0x42, 0x56, 0x00, 0x00, 0x00, 0x00,
    0x00, 0x00, 0x00, 0x00, 0x00, 0x00, 0x00, 0x00, 0x00, 0x00, 0x00, 0x00, 0x00, 0x00, 0x00, 0x00,
    0x00, 0x00, 0x00, 0x00, 0x00, 0x00, 0x00, 0x00, 0x00, 0x00, 0x00, 0x00, 0x00, 0x00, 0x00, 0x00,
    0x00, 0x00, 0x00, 0x00, 0x00, 0x00, 0x00, 0x00, 0x00, 0x00, 0x00, 0x00, 0x00, 0x00, 0x00, 0x00,
    0x13, 0x11, 0x0e, 0x1b, 0xba, 0xa5, 0x93, 0xef, 0x9e, 0x8d, 0x84, 0xff, 0x90, 0x88, 0x85, 0xff,
    0x6c, 0x68, 0x65, 0xff, 0x39, 0x37, 0x35, 0xff, 0x3f, 0x3e, 0x3d, 0xff, 0x4c, 0x4b, 0x4a, 0xff,
    0x5a, 0x58, 0x58, 0xff, 0x64, 0x62, 0x62, 0xff, 0x65, 0x63, 0x63, 0xff, 0x59, 0x57, 0x57, 0xff,
    0x47, 0x45, 0x43, 0xff, 0x61, 0x5d, 0x5c, 0xff, 0x68, 0x62, 0x60, 0xff, 0x56, 0x4f, 0x4a, 0xff,
    0x86, 0x77, 0x67, 0xee, 0x13, 0x11, 0x0e, 0x19, 0x00, 0x00, 0x00, 0x00, 0x00, 0x00, 0x00, 0x00,
    0x00, 0x00, 0x00, 0x00, 0x00, 0x00, 0x00, 0x00, 0x00, 0x00, 0x00, 0x00, 0x00, 0x00, 0x00, 0x00,
    0x00, 0x00, 0x00, 0x00, 0x00, 0x00, 0x00, 0x00, 0x00, 0x00, 0x00, 0x00, 0x00, 0x00, 0x00, 0x00,
    0x00, 0x00, 0x00, 0x00, 0x00, 0x00, 0x00, 0x00, 0x63, 0x55, 0x45, 0x8a, 0x95, 0x86, 0x79, 0xff,
    0x8b, 0x82, 0x7e, 0xff, 0x9a, 0x94, 0x94, 0xff, 0x55, 0x51, 0x4f, 0xff, 0x42, 0x3f, 0x2b, 0xff,
    0x57, 0x52, 0x34, 0xff, 0x5f, 0x5b, 0x42, 0xff, 0x56, 0x52, 0x4e, 0xff, 0x64, 0x61, 0x5d, 0xff,
    0x73, 0x6e, 0x61, 0xff, 0x5f, 0x5a, 0x55, 0xff, 0x47, 0x42, 0x3e, 0xff, 0x5a, 0x56, 0x54, 0xff,
    0x90, 0x87, 0x87, 0xff, 0x61, 0x5c, 0x59, 0xff, 0x59, 0x50, 0x47, 0xff, 0x59, 0x4e, 0x40, 0x87,
    0x00, 0x00, 0x00, 0x00, 0x00, 0x00, 0x00, 0x00, 0x00, 0x00, 0x00, 0x00, 0x00, 0x00, 0x00, 0x00,
    0x00, 0x00, 0x00, 0x00, 0x00, 0x00, 0x00, 0x00, 0x00, 0x00, 0x00, 0x00, 0x00, 0x00, 0x00, 0x00,
    0x00, 0x00, 0x00, 0x00, 0x00, 0x00, 0x00, 0x00, 0x00, 0x00, 0x00, 0x00, 0x05, 0x05, 0x04, 0x09,
    0x73, 0x61, 0x4a, 0xdc, 0x7c, 0x71, 0x68, 0xff, 0x86, 0x7f, 0x7c, 0xff, 0x9c, 0x96, 0x98, 0xff,
    0x58, 0x55, 0x53, 0xff, 0x67, 0x63, 0x2e, 0xff, 0x9b, 0x95, 0x3c, 0xff, 0x8f, 0x89, 0x3c, 0xff,
    0x8e, 0x88, 0x41, 0xff, 0xa0, 0x9b, 0x4a, 0xff, 0xae, 0xa7, 0x50, 0xff, 0xaa, 0xa5, 0x4e, 0xff,
    0x78, 0x73, 0x3d, 0xff, 0x6b, 0x65, 0x63, 0xff, 0xb0, 0xa5, 0xa4, 0xff, 0x70, 0x6a, 0x69, 0xff,
    0x4d, 0x46, 0x40, 0xff, 0x67, 0x59, 0x45, 0xdb, 0x05, 0x05, 0x04, 0x08, 0x00, 0x00, 0x00, 0x00,
    0x00, 0x00, 0x00, 0x00, 0x00, 0x00, 0x00, 0x00, 0x00, 0x00, 0x00, 0x00, 0x00, 0x00, 0x00, 0x00,
    0x00, 0x00, 0x00, 0x00, 0x00, 0x00, 0x00, 0x00, 0x00, 0x00, 0x00, 0x00, 0x00, 0x00, 0x00, 0x00,
    0x03, 0x03, 0x02, 0x05, 0x57, 0x4b, 0x3b, 0x8b, 0x4d, 0x41, 0x31, 0xff, 0x66, 0x5d, 0x55, 0xff,
    0x79, 0x73, 0x71, 0xff, 0x92, 0x8e, 0x8e, 0xff, 0x83, 0x7e, 0x7e, 0xff, 0x34, 0x30, 0x2b, 0xff,
    0x2a, 0x26, 0x1f, 0xff, 0x2e, 0x2a, 0x23, 0xff, 0x33, 0x33, 0x2f, 0xff, 0x37, 0x37, 0x34, 0xff,
    0x3a, 0x36, 0x2e, 0xff, 0x38, 0x34, 0x2c, 0xff, 0x43, 0x3f, 0x3a, 0xff, 0xa8, 0x9e, 0x9d, 0xff,
    0xad, 0xa1, 0xa1, 0xff, 0x6e, 0x69, 0x68, 0xff, 0x47, 0x41, 0x3c, 0xff, 0x41, 0x38, 0x2d, 0xff,
    0x53, 0x4a, 0x3d, 0x8a, 0x03, 0x03, 0x03, 0x05, 0x00, 0x00, 0x00, 0x00, 0x00, 0x00, 0x00, 0x00,
    0x00, 0x00, 0x00, 0x00, 0x00, 0x00, 0x00, 0x00, 0x00, 0x00, 0x00, 0x00, 0x00, 0x00, 0x00, 0x00,
    0x00, 0x00, 0x00, 0x00, 0x00, 0x00, 0x00, 0x00, 0x56, 0x4c, 0x3c, 0x97, 0x3e, 0x35, 0x29, 0xff,
    0x33, 0x2d, 0x26, 0xff, 0x2f, 0x2a, 0x25, 0xff, 0x18, 0x16, 0x14, 0xff, 0x23, 0x20, 0x1d, 0xff,
    0x53, 0x4f, 0x4c, 0xff, 0x81, 0x7d, 0x79, 0xff, 0x61, 0x5f, 0x5e, 0xff, 0x2f, 0x2c, 0x2a, 0xff,
    0x2b, 0x60, 0x76, 0xff, 0x2d, 0x62, 0x79, 0xff, 0x34, 0x32, 0x30, 0xff, 0x75, 0x70, 0x6f, 0xff,
    0xa6, 0x9c, 0x9a, 0xff, 0x6a, 0x62, 0x60, 0xff, 0x28, 0x25, 0x23, 0xff, 0x12, 0x11, 0x10, 0xff,
    0x25, 0x22, 0x1f, 0xff, 0x30, 0x2c, 0x27, 0xff, 0x3a, 0x33, 0x2a, 0xff, 0x53, 0x4b, 0x3e, 0x95,
    0x00, 0x00, 0x00, 0x00, 0x00, 0x00, 0x00, 0x00, 0x00, 0x00, 0x00, 0x00, 0x00, 0x00, 0x00, 0x00,
    0x00, 0x00, 0x00, 0x00, 0x00, 0x00, 0x00, 0x00, 0x00, 0x00, 0x00, 0x00, 0x0d, 0x0b, 0x07, 0x13,
    0x89, 0x7e, 0x4c, 0xfa, 0x5b, 0x58, 0x57, 0xff, 0x3b, 0x37, 0x33, 0xff, 0x28, 0x26, 0x25, 0xff,
    0x18, 0x15, 0x12, 0xff, 0x08, 0x05, 0x01, 0xff, 0x0b, 0x07, 0x01, 0xff, 0x0e, 0x0a, 0x02, 0xff,
    0x19, 0x15, 0x0e, 0xff, 0x13, 0x11, 0x0e, 0xff, 0x21, 0x1f, 0x1e, 0xff, 0x27, 0x25, 0x24, 0xff,
    0x25, 0x23, 0x21, 0xff, 0x29, 0x25, 0x1e, 0xff, 0x1a, 0x16, 0x0c, 0xff, 0x11, 0x0d, 0x03, 0xff,
    0x09, 0x06, 0x01, 0xff, 0x0d, 0x0b, 0x08, 0xff, 0x21, 0x1f, 0x1e, 0xff, 0x41, 0x3d, 0x3b, 0xff,
    0x6c, 0x67, 0x67, 0xff, 0x8a, 0x80, 0x4f, 0xfb, 0x0d, 0x0c, 0x08, 0x13, 0x00, 0x00, 0x00, 0x00,
    0x00, 0x00, 0x00, 0x00, 0x00, 0x00, 0x00, 0x00, 0x00, 0x00, 0x00, 0x00, 0x00, 0x00, 0x00, 0x00,
    0x00, 0x00, 0x00, 0x00, 0x31, 0x2b, 0x18, 0x4a, 0x92, 0x89, 0x53, 0xff, 0x8d, 0x8a, 0x8a, 0xff,
    0x3d, 0x3b, 0x39, 0xff, 0x26, 0x23, 0x21, 0xff, 0x0b, 0x08, 0x02, 0xff, 0x3c, 0x36, 0x0b, 0xff,
    0x95, 0x8e, 0x13, 0xff, 0x8f, 0x89, 0x13, 0xff, 0x3c, 0x36, 0x0b, 0xff, 0x09, 0x06, 0x01, 0xff,
    0x15, 0x12, 0x0f, 0xff, 0x1c, 0x19, 0x15, 0xff, 0x1f, 0x1b, 0x14, 0xff, 0x4a, 0x43, 0x15, 0xff,
    0x93, 0x8d, 0x14, 0xff, 0x96, 0x90, 0x15, 0xff, 0x3d, 0x37, 0x0c, 0xff, 0x08, 0x06, 0x01, 0xff,
    0x21, 0x1f, 0x1d, 0xff, 0x4c, 0x49, 0x48, 0xff, 0x9c, 0x99, 0x99, 0xff, 0x93, 0x8b, 0x56, 0xff,
    0x31, 0x2b, 0x1d, 0x49, 0x00, 0x00, 0x00, 0x00, 0x00, 0x00, 0x00, 0x00, 0x00, 0x00, 0x00, 0x00,
    0x00, 0x00, 0x00, 0x00, 0x00, 0x00, 0x00, 0x00, 0x00, 0x00, 0x00, 0x00, 0x31, 0x2a, 0x15, 0x52,
    0x70, 0x67, 0x2f, 0xff, 0x3a, 0x38, 0x39, 0xff, 0x29, 0x27, 0x25, 0xff, 0x20, 0x1e, 0x13, 0xff,
    0x47, 0x42, 0x03, 0xff, 0x94, 0x8d, 0x11, 0xff, 0x41, 0x39, 0x01, 0xff, 0x42, 0x3a, 0x01, 0xff,
    0xa2, 0x9b, 0x15, 0xff, 0x0f, 0x0b, 0x01, 0xff, 0x0c, 0x09, 0x05, 0xff, 0x10, 0x0c, 0x07, 0xff,
    0x1a, 0x15, 0x05, 0xff, 0xa5, 0x9e, 0x19, 0xff, 0x46, 0x3e, 0x01, 0xff, 0x43, 0x3a, 0x01, 0xff,
    0x95, 0x8d, 0x15, 0xff, 0x47, 0x43, 0x03, 0xff, 0x20, 0x1e, 0x14, 0xff, 0x34, 0x32, 0x32, 0xff,
    0x41, 0x3f, 0x40, 0xff, 0x6d, 0x65, 0x32, 0xff, 0x32, 0x2a, 0x19, 0x52, 0x00, 0x00, 0x00, 0x00,
    0x00, 0x00, 0x00, 0x00, 0x00, 0x00, 0x00, 0x00, 0x00, 0x00, 0x00, 0x00, 0x00, 0x00, 0x00, 0x00,
    0x00, 0x00, 0x00, 0x00, 0x1c, 0x18, 0x0a, 0x2c, 0x60, 0x5e, 0x30, 0xff, 0x10, 0x3d, 0x57, 0xff,
    0x1a, 0x19, 0x18, 0xff, 0x16, 0x13, 0x0c, 0xff, 0x34, 0x30, 0x02, 0xff, 0x93, 0x8c, 0x11, 0xff,
    0x39, 0x31, 0x01, 0xff, 0x33, 0x2c, 0x01, 0xff, 0xa2, 0x99, 0x15, 0xff, 0x10, 0x0b, 0x01, 0xff,
    0x07, 0x04, 0x01, 0xff, 0x09, 0x06, 0x01, 0xff, 0x16, 0x11, 0x01, 0xff, 0xa4, 0x9c, 0x17, 0xff,
    0x36, 0x2f, 0x01, 0xff, 0x3a, 0x32, 0x01, 0xff, 0x95, 0x8d, 0x14, 0xff, 0x35, 0x31, 0x02, 0xff,
    0x1a, 0x18, 0x12, 0xff, 0x1e, 0x1e, 0x1f, 0xff, 0x11, 0x40, 0x5d, 0xff, 0x5e, 0x5c, 0x2f, 0xff,
    0x1d, 0x19, 0x0d, 0x2c, 0x00, 0x00, 0x00, 0x00, 0x00, 0x00, 0x00, 0x00, 0x00, 0x00, 0x00, 0x00,
    0x00, 0x00, 0x00, 0x00, 0x00, 0x00, 0x00, 0x00, 0x00, 0x00, 0x00, 0x00, 0x00, 0x00, 0x00, 0x01,
    0x52, 0x4c, 0x25, 0xcf, 0x0b, 0x29, 0x38, 0xff, 0x17, 0x14, 0x0e, 0xff, 0x1f, 0x1c, 0x19, 0xff,
    0x08, 0x05, 0x01, 0xff, 0x53, 0x4e, 0x0f, 0xff, 0xa5, 0x9e, 0x16, 0xff, 0xa2, 0x9b, 0x15, 0xff,
    0x73, 0x6c, 0x14, 0xff, 0x0a, 0x07, 0x01, 0xff, 0x04, 0x02, 0x01, 0xff, 0x06, 0x03, 0x01, 0xff,
    0x0e, 0x0a, 0x01, 0xff, 0x76, 0x6f, 0x16, 0xff, 0xa4, 0x9d, 0x19, 0xff, 0xa5, 0x9e, 0x1a, 0xff,
    0x53, 0x4d, 0x10, 0xff, 0x07, 0x05, 0x01, 0xff, 0x26, 0x24, 0x23, 0xff, 0x15, 0x13, 0x10, 0xff,
    0x0d, 0x2c, 0x3b, 0xff, 0x53, 0x4d, 0x27, 0xcf, 0x00, 0x00, 0x00, 0x01, 0x00, 0x00, 0x00, 0x00,
    0x00, 0x00, 0x00, 0x00, 0x00, 0x00, 0x00, 0x00, 0x00, 0x00, 0x00, 0x00, 0x00, 0x00, 0x00, 0x00,
    0x00, 0x00, 0x00, 0x00, 0x00, 0x00, 0x00, 0x00, 0x15, 0x10, 0x08, 0x36, 0x24, 0x1c, 0x0b, 0xc5,
    0x35, 0x2b, 0x1a, 0xff, 0x5d, 0x57, 0x51, 0xff, 0x16, 0x13, 0x10, 0xff, 0x0a, 0x07, 0x01, 0xff,
    0x17, 0x12, 0x01, 0xff, 0x1b, 0x15, 0x01, 0xff, 0x0e, 0x0a, 0x01, 0xff, 0x06, 0x03, 0x01, 0xff,
    0x03, 0x01, 0x01, 0xff, 0x04, 0x02, 0x01, 0xff, 0x07, 0x04, 0x01, 0xff, 0x0f, 0x0b, 0x01, 0xff,
    0x1c, 0x16, 0x01, 0xff, 0x17, 0x12, 0x01, 0xff, 0x0a, 0x07, 0x01, 0xff, 0x19, 0x18, 0x15, 0xff,
    0x5d, 0x58, 0x55, 0xff, 0x2e, 0x27, 0x1a, 0xff, 0x27, 0x1f, 0x10, 0xc5, 0x15, 0x12, 0x0a, 0x37,
    0x00, 0x00, 0x00, 0x00, 0x00, 0x00, 0x00, 0x00, 0x00, 0x00, 0x00, 0x00, 0x00, 0x00, 0x00, 0x00,
    0x00, 0x00, 0x00, 0x00, 0x00, 0x00, 0x00, 0x00, 0x00, 0x00, 0x00, 0x00, 0x00, 0x00, 0x00, 0x00,
    0x00, 0x00, 0x00, 0x00, 0x00, 0x00, 0x00, 0x00, 0x4a, 0x3d, 0x26, 0xb4, 0x56, 0x4a, 0x3b, 0xff,
    0x48, 0x44, 0x41, 0xff, 0x3d, 0x3b, 0x39, 0xff, 0x2c, 0x2a, 0x27, 0xff, 0x0e, 0x0c, 0x09, 0xff,
    0x06, 0x04, 0x02, 0xff, 0x06, 0x04, 0x02, 0xff, 0x05, 0x02, 0x02, 0xff, 0x05, 0x02, 0x02, 0xff,
    0x06, 0x04, 0x02, 0xff, 0x07, 0x05, 0x03, 0xff, 0x10, 0x0e, 0x0b, 0xff, 0x34, 0x32, 0x2f, 0xff,
    0x47, 0x45, 0x43, 0xff, 0x4f, 0x4c, 0x4a, 0xff, 0x48, 0x3f, 0x34, 0xff, 0x4a, 0x3d, 0x29, 0xb5,
    0x00, 0x00, 0x00, 0x00, 0x00, 0x00, 0x00, 0x00, 0x00, 0x00, 0x00, 0x00, 0x00, 0x00, 0x00, 0x00,
    0x00, 0x00, 0x00, 0x00, 0x00, 0x00, 0x00, 0x00, 0x00, 0x00, 0x00, 0x00, 0x00, 0x00, 0x00, 0x00,
    0x00, 0x00, 0x00, 0x00, 0x00, 0x00, 0x00, 0x00, 0x00, 0x00, 0x00, 0x00, 0x00, 0x00, 0x00, 0x00,
    0x11, 0x0f, 0x0a, 0x18, 0x6c, 0x59, 0x3e, 0xe8, 0x3a, 0x33, 0x29, 0xff, 0x36, 0x32, 0x30, 0xff,
    0x48, 0x45, 0x46, 0xff, 0x70, 0x6e, 0x6f, 0xff, 0x2b, 0x28, 0x28, 0xff, 0x32, 0x30, 0x30, 0xff,
    0x36, 0x34, 0x33, 0xff, 0x39, 0x37, 0x36, 0xff, 0x37, 0x35, 0x35, 0xff, 0x30, 0x2e, 0x2e, 0xff,
    0x6e, 0x6b, 0x6c, 0xff, 0x4e, 0x4c, 0x4c, 0xff, 0x37, 0x34, 0x32, 0xff, 0x35, 0x30, 0x2a, 0xff,
    0x6a, 0x5a, 0x41, 0xea, 0x13, 0x10, 0x0d, 0x1a, 0x00, 0x00, 0x00, 0x00, 0x00, 0x00, 0x00, 0x00,
    0x00, 0x00, 0x00, 0x00, 0x00, 0x00, 0x00, 0x00, 0x00, 0x00, 0x00, 0x00, 0x00, 0x00, 0x00, 0x00,
    0x00, 0x00, 0x00, 0x00, 0x00, 0x00, 0x00, 0x00, 0x00, 0x00, 0x00, 0x00, 0x00, 0x00, 0x00, 0x00,
    0x00, 0x00, 0x00, 0x00, 0x00, 0x00, 0x00, 0x00, 0x00, 0x00, 0x00, 0x00, 0x19, 0x14, 0x0d, 0x2a,
    0x4b, 0x3e, 0x28, 0xd4, 0x37, 0x31, 0x26, 0xff, 0x37, 0x33, 0x30, 0xff, 0x46, 0x43, 0x43, 0xff,
    0x26, 0x23, 0x21, 0xff, 0x2a, 0x26, 0x23, 0xff, 0x2c, 0x28, 0x26, 0xff, 0x2d, 0x29, 0x27, 0xff,
    0x2a, 0x27, 0x24, 0xff, 0x29, 0x27, 0x25, 0xff, 0x46, 0x43, 0x43, 0xff, 0x36, 0x32, 0x30, 0xff,
    0x35, 0x2f, 0x27, 0xff, 0x4c, 0x40, 0x2c, 0xd6, 0x1b, 0x16, 0x10, 0x2d, 0x00, 0x00, 0x00, 0x00,
    0x00, 0x00, 0x00, 0x00, 0x00, 0x00, 0x00, 0x00, 0x00, 0x00, 0x00, 0x00, 0x00, 0x00, 0x00, 0x00,
    0x00, 0x00, 0x00, 0x00, 0x00, 0x00, 0x00, 0x00, 0x00, 0x00, 0x00, 0x00, 0x00, 0x00, 0x00, 0x00,
    0x00, 0x00, 0x00, 0x00, 0x00, 0x00, 0x00, 0x00, 0x00, 0x00, 0x00, 0x00, 0x00, 0x00, 0x00, 0x00,
    0x00, 0x00, 0x00, 0x00, 0x00, 0x00, 0x00, 0x00, 0x02, 0x01, 0x01, 0x05, 0x31, 0x28, 0x19, 0x9d,
    0x32, 0x2b, 0x1e, 0xff, 0x36, 0x31, 0x2c, 0xff, 0x2c, 0x28, 0x22, 0xff, 0x25, 0x20, 0x16, 0xff,
    0x28, 0x22, 0x17, 0xff, 0x27, 0x21, 0x17, 0xff, 0x25, 0x20, 0x17, 0xff, 0x2b, 0x27, 0x23, 0xff,
    0x33, 0x2f, 0x2b, 0xff, 0x31, 0x2b, 0x21, 0xff, 0x32, 0x2a, 0x1d, 0x9e, 0x02, 0x02, 0x01, 0x06,
    0x00, 0x00, 0x00, 0x00, 0x00, 0x00, 0x00, 0x00, 0x00, 0x00, 0x00, 0x00, 0x00, 0x00, 0x00, 0x00,
    0x00, 0x00, 0x00, 0x00, 0x00, 0x00, 0x00, 0x00, 0x00, 0x00, 0x00, 0x00, 0x00, 0x00, 0x00, 0x00,
    0x00, 0x00, 0x00, 0x00, 0x00, 0x00, 0x00, 0x00, 0x00, 0x00, 0x00, 0x00, 0x00, 0x00, 0x00, 0x00,
    0x00, 0x00, 0x00, 0x00, 0x00, 0x00, 0x00, 0x00, 0x00, 0x00, 0x00, 0x00, 0x00, 0x00, 0x00, 0x00,
    0x06, 0x05, 0x04, 0x09, 0x63, 0x52, 0x36, 0xdb, 0x14, 0x10, 0x08, 0xff, 0x08, 0x07, 0x05, 0xff,
    0x0f, 0x0d, 0x09, 0xff, 0x1a, 0x15, 0x0a, 0xff, 0x28, 0x21, 0x0d, 0xff, 0x28, 0x21, 0x0d, 0xff,
    0x19, 0x15, 0x0a, 0xff, 0x0e, 0x0d, 0x0a, 0xff, 0x07, 0x07, 0x06, 0xff, 0x14, 0x10, 0x0a, 0xff,
    0x5c, 0x4d, 0x37, 0xda, 0x06, 0x05, 0x04, 0x09, 0x00, 0x00, 0x00, 0x00, 0x00, 0x00, 0x00, 0x00,
    0x00, 0x00, 0x00, 0x00, 0x00, 0x00, 0x00, 0x00, 0x00, 0x00, 0x00, 0x00, 0x00, 0x00, 0x00, 0x00,
    0x00, 0x00, 0x00, 0x00, 0x00, 0x00, 0x00, 0x00, 0x00, 0x00, 0x00, 0x00, 0x00, 0x00, 0x00, 0x00,
    0x00, 0x00, 0x00, 0x00, 0x00, 0x00, 0x00, 0x00, 0x00, 0x00, 0x00, 0x00, 0x00, 0x00, 0x00, 0x00,
    0x00, 0x00, 0x00, 0x00, 0x12, 0x10, 0x0c, 0x1a, 0x7f, 0x6b, 0x53, 0xd3, 0x3b, 0x33, 0x26, 0xff,
    0x19, 0x2a, 0x32, 0xff, 0x1b, 0x34, 0x41, 0xff, 0x28, 0x27, 0x26, 0xff, 0x13, 0x12, 0x11, 0xff,
    0x0c, 0x0b, 0x08, 0xff, 0x0d, 0x0c, 0x09, 0xff, 0x14, 0x13, 0x11, 0xff, 0x2a, 0x28, 0x28, 0xff,
    0x1c, 0x36, 0x43, 0xff, 0x16, 0x26, 0x30, 0xff, 0x34, 0x2e, 0x25, 0xff, 0x78, 0x67, 0x55, 0xd3,
    0x13, 0x10, 0x0d, 0x1a, 0x00, 0x00, 0x00, 0x00, 0x00, 0x00, 0x00, 0x00, 0x00, 0x00, 0x00, 0x00,
    0x00, 0x00, 0x00, 0x00, 0x00, 0x00, 0x00, 0x00, 0x00, 0x00, 0x00, 0x00, 0x00, 0x00, 0x00, 0x00,
    0x00, 0x00, 0x00, 0x00, 0x00, 0x00, 0x00, 0x00, 0x00, 0x00, 0x00, 0x00, 0x00, 0x00, 0x00, 0x00,
    0x00, 0x00, 0x00, 0x00, 0x00, 0x00, 0x00, 0x00, 0x00, 0x00, 0x00, 0x00, 0x2f, 0x26, 0x19, 0x5d,
    0x44, 0x3b, 0x2f, 0xff, 0x46, 0x43, 0x41, 0xff, 0x63, 0x65, 0x6c, 0xff, 0x4a, 0x56, 0x60, 0xff,
    0x37, 0x33, 0x26, 0xff, 0x46, 0x42, 0x36, 0xff, 0x5c, 0x57, 0x4c, 0xff, 0x63, 0x5d, 0x52, 0xff,
    0x4d, 0x48, 0x3c, 0xff, 0x3a, 0x36, 0x2a, 0xff, 0x4b, 0x5a, 0x65, 0xff, 0x5b, 0x5d, 0x63, 0xff,
    0x3f, 0x3c, 0x3a, 0xff, 0x3a, 0x33, 0x2a, 0xff, 0x2d, 0x25, 0x1a, 0x5e, 0x00, 0x00, 0x00, 0x00,
    0x00, 0x00, 0x00, 0x00, 0x00, 0x00, 0x00, 0x00, 0x00, 0x00, 0x00, 0x00, 0x00, 0x00, 0x00, 0x00,
    0x00, 0x00, 0x00, 0x00, 0x00, 0x00, 0x00, 0x00, 0x00, 0x00, 0x00, 0x00, 0x00, 0x00, 0x00, 0x00,
    0x00, 0x00, 0x00, 0x00, 0x00, 0x00, 0x00, 0x00, 0x00, 0x00, 0x00, 0x00, 0x00, 0x00, 0x00, 0x00,
    0x00, 0x00, 0x00, 0x00, 0x00, 0x00, 0x00, 0x01, 0x0c, 0x0a, 0x06, 0x55, 0x1a, 0x18, 0x16, 0xac,
    0x39, 0x37, 0x36, 0xe5, 0x2e, 0x2b, 0x22, 0xfe, 0x7c, 0x75, 0x1e, 0xff, 0x9e, 0x95, 0x36, 0xff,
    0xaa, 0xa0, 0x43, 0xff, 0xac, 0xa3, 0x45, 0xff, 0x9d, 0x94, 0x36, 0xff, 0x7b, 0x74, 0x1f, 0xff,
    0x30, 0x2d, 0x26, 0xfe, 0x36, 0x34, 0x33, 0xe5, 0x17, 0x16, 0x14, 0xad, 0x09, 0x08, 0x06, 0x56,
    0x00, 0x00, 0x00, 0x02, 0x00, 0x00, 0x00, 0x00, 0x00, 0x00, 0x00, 0x00, 0x00, 0x00, 0x00, 0x00,
    0x00, 0x00, 0x00, 0x00, 0x00, 0x00, 0x00, 0x00, 0x00, 0x00, 0x00, 0x00, 0x00, 0x00, 0x00, 0x00,
    0x00, 0x00, 0x00, 0x00, 0x00, 0x00, 0x00, 0x00, 0x00, 0x00, 0x00, 0x00, 0x00, 0x00, 0x00, 0x00,
    0x00, 0x00, 0x00, 0x00, 0x00, 0x00, 0x00, 0x00, 0x00, 0x00, 0x00, 0x00, 0x00, 0x00, 0x00, 0x00,
    0x00, 0x00, 0x00, 0x00, 0x00, 0x00, 0x00, 0x00, 0x00, 0x00, 0x00, 0x00, 0x00, 0x00, 0x00, 0x07,
    0x03, 0x03, 0x02, 0x1f, 0x09, 0x08, 0x05, 0x35, 0x0f, 0x0d, 0x08, 0x41, 0x0f, 0x0d, 0x08, 0x40,
    0x09, 0x08, 0x05, 0x33, 0x03, 0x03, 0x02, 0x1e, 0x00, 0x00, 0x00, 0x07, 0x00, 0x00, 0x00, 0x00,
    0x00, 0x00, 0x00, 0x00, 0x00, 0x00, 0x00, 0x00, 0x00, 0x00, 0x00, 0x00, 0x00, 0x00, 0x00, 0x00,
    0x00, 0x00, 0x00, 0x00, 0x00, 0x00, 0x00, 0x00, 0x00, 0x00, 0x00, 0x00, 0x00, 0x00, 0x00, 0x00,
    0x00, 0x00, 0x00, 0x00, 0x00, 0x00, 0x00, 0x00, 0x00, 0x00, 0x00, 0x00, 0x00, 0x00, 0x00, 0x00,
    0x00, 0x00, 0x00, 0x00, 0x00, 0x00, 0x00, 0x00, 0x00, 0x00, 0x00, 0x00, 0x00, 0x00, 0x00, 0x00,
    0x00, 0x00, 0x00, 0x00, 0x00, 0x00, 0x00, 0x00, 0x00, 0x00, 0x00, 0x00, 0x00, 0x00, 0x00, 0x00,
    0x00, 0x00, 0x00, 0x00, 0x00, 0x00, 0x00, 0x00, 0x00, 0x00, 0x00, 0x00, 0x00, 0x00, 0x00, 0x00,
    0x00, 0x00, 0x00, 0x00, 0x00, 0x00, 0x00, 0x00, 0x00, 0x00, 0x00, 0x00, 0x00, 0x00, 0x00, 0x00,
    0x00, 0x00, 0x00, 0x00, 0x00, 0x00, 0x00, 0x00, 0x00, 0x00, 0x00, 0x00, 0x00, 0x00, 0x00, 0x00,
    0x00, 0x00, 0x00, 0x00, 0x00, 0x00, 0x00, 0x00, 0x00, 0x00, 0x00, 0x00, 0x00, 0x00, 0x00, 0x00,
    0x00, 0x00, 0x00, 0x00, 0x00, 0x00, 0x00, 0x00, 0x00, 0x00, 0x00, 0x00, 0x00, 0x00, 0x00, 0x00,
};

inline constexpr unsigned char kLogoBgra40[] = {
    0x00, 0x00, 0x00, 0x00, 0x00, 0x00, 0x00, 0x00, 0x00, 0x00, 0x00, 0x00, 0x00, 0x00, 0x00, 0x00,
    0x00, 0x00, 0x00, 0x00, 0x00, 0x00, 0x00, 0x00, 0x00, 0x00, 0x00, 0x00, 0x00, 0x00, 0x00, 0x00,
    0x00, 0x00, 0x00, 0x00, 0x00, 0x00, 0x00, 0x00, 0x00, 0x00, 0x00, 0x00, 0x00, 0x00, 0x00, 0x00,
    0x00, 0x00, 0x00, 0x00, 0x00, 0x00, 0x00, 0x00, 0x00, 0x00, 0x00, 0x00, 0x00, 0x00, 0x00, 0x00,
    0x00, 0x00, 0x00, 0x00, 0x00, 0x00, 0x00, 0x00, 0x00, 0x00, 0x00, 0x00, 0x00, 0x00, 0x00, 0x00,
    0x00, 0x00, 0x00, 0x00, 0x00, 0x00, 0x00, 0x00, 0x00, 0x00, 0x00, 0x00, 0x00, 0x00, 0x00, 0x00,
    0x00, 0x00, 0x00, 0x00, 0x00, 0x00, 0x00, 0x00, 0x00, 0x00, 0x00, 0x00, 0x00, 0x00, 0x00, 0x00,
    0x00, 0x00, 0x00, 0x00, 0x00, 0x00, 0x00, 0x00, 0x00, 0x00, 0x00, 0x00, 0x00, 0x00, 0x00, 0x00,
    0x00, 0x00, 0x00, 0x00, 0x00, 0x00, 0x00, 0x00, 0x00, 0x00, 0x00, 0x00, 0x00, 0x00, 0x00, 0x00,
    0x00, 0x00, 0x00, 0x00, 0x00, 0x00, 0x00, 0x00, 0x00, 0x00, 0x00, 0x00, 0x00, 0x00, 0x00, 0x00,
    0x00, 0x00, 0x00, 0x00, 0x00, 0x00, 0x00, 0x00, 0x00, 0x00, 0x00, 0x00, 0x00, 0x00, 0x00, 0x00,
    0x00, 0x00, 0x00, 0x00, 0x00, 0x00, 0x00, 0x00, 0x00, 0x00, 0x00, 0x00, 0x00, 0x00, 0x00, 0x00,
    0x00, 0x00, 0x00, 0x00, 0x00, 0x00, 0x00, 0x00, 0x00, 0x00, 0x00, 0x00, 0x00, 0x00, 0x00, 0x00,
    0x00, 0x00, 0x00, 0x00, 0x00, 0x00, 0x00, 0x00, 0x00, 0x00, 0x00, 0x00, 0x00, 0x00, 0x00, 0x00,
    0x00, 0x00, 0x00, 0x00, 0x00, 0x00, 0x00, 0x00, 0x00, 0x00, 0x00, 0x00, 0x00, 0x00, 0x00, 0x00,
    0x00, 0x00, 0x00, 0x00, 0x00, 0x00, 0x00, 0x00, 0x00, 0x00, 0x00, 0x00, 0x00, 0x00, 0x00, 0x00,
    0x00, 0x00, 0x00, 0x00, 0x00, 0x00, 0x00, 0x00, 0x00, 0x00, 0x00, 0x00, 0x00, 0x00, 0x00, 0x00,
    0x00, 0x00, 0x00, 0x00, 0x00, 0x00, 0x00, 0x00, 0x00, 0x00, 0x00, 0x00, 0x00, 0x00, 0x00, 0x00,
    0x00, 0x00, 0x00, 0x00, 0x00, 0x00, 0x00, 0x00, 0x00, 0x00, 0x00, 0x00, 0x00, 0x00, 0x00, 0x00,
    0x00, 0x00, 0x00, 0x00, 0x00, 0x00, 0x00, 0x00, 0x00, 0x00, 0x00, 0x00, 0x00, 0x00, 0x00, 0x00,
    0x00, 0x00, 0x00, 0x00, 0x00, 0x00, 0x00, 0x00, 0x00, 0x00, 0x00, 0x00, 0x00, 0x00, 0x00, 0x00,
    0x00, 0x00, 0x00, 0x00, 0x00, 0x00, 0x00, 0x00, 0x00, 0x00, 0x00, 0x00, 0x00, 0x00, 0x00, 0x00,
    0x00, 0x00, 0x00, 0x00, 0x00, 0x00, 0x00, 0x00, 0x00, 0x00, 0x00, 0x00, 0x00, 0x00, 0x00, 0x00,
    0x00, 0x00, 0x00, 0x00, 0x00, 0x00, 0x00, 0x00, 0x00, 0x00, 0x00, 0x00, 0x00, 0x00, 0x00, 0x00,
    0x00, 0x00, 0x00, 0x00, 0x00, 0x00, 0x00, 0x00, 0x34, 0x2f, 0x24, 0x45, 0x93, 0x86, 0x38, 0xde,
    0x92, 0x86, 0x3c, 0xde, 0x32, 0x2d, 0x25, 0x44, 0x00, 0x00, 0x00, 0x00, 0x00, 0x00, 0x00, 0x00,
    0x00, 0x00, 0x00, 0x00, 0x00, 0x00, 0x00, 0x00, 0x00, 0x00, 0x00, 0x00, 0x00, 0x00, 0x00, 0x00,
    0x00, 0x00, 0x00, 0x00, 0x00, 0x00, 0x00, 0x00, 0x00, 0x00, 0x00, 0x00, 0x00, 0x00, 0x00, 0x00,
    0x00, 0x00, 0x00, 0x00, 0x00, 0x00, 0x00, 0x00, 0x00, 0x00, 0x00, 0x00, 0x00, 0x00, 0x00, 0x00,
    0x00, 0x00, 0x00, 0x00, 0x00, 0x00, 0x00, 0x00, 0x00, 0x00, 0x00, 0x00, 0x00, 0x00, 0x00, 0x00,
    0x00, 0x00, 0x00, 0x00, 0x00, 0x00, 0x00, 0x00, 0x00, 0x00, 0x00, 0x00, 0x00, 0x00, 0x00, 0x00,
    0x00, 0x00, 0x00, 0x00, 0x00, 0x00, 0x00, 0x00, 0x00, 0x00, 0x00, 0x00, 0x00, 0x00, 0x00, 0x00,
    0x00, 0x00, 0x00, 0x00, 0x00, 0x00, 0x00, 0x00, 0x00, 0x00, 0x00, 0x00, 0x00, 0x00, 0x00, 0x00,
    0x00, 0x00, 0x00, 0x00, 0x00, 0x00, 0x00, 0x00, 0x00, 0x00, 0x00, 0x00, 0x00, 0x00, 0x00, 0x00,
    0x00, 0x00, 0x00, 0x00, 0x00, 0x00, 0x00, 0x00, 0xa0, 0x93, 0x47, 0xd7, 0xd5, 0xcb, 0x49, 0xff,
    0xd6, 0xcd, 0x49, 0xff, 0x9d, 0x90, 0x47, 0xd6, 0x00, 0x00, 0x00, 0x00, 0x00, 0x00, 0x00, 0x00,
    0x00, 0x00, 0x00, 0x00, 0x00, 0x00, 0x00, 0x00, 0x00, 0x00, 0x00, 0x00, 0x00, 0x00, 0x00, 0x00,
    0x00, 0x00, 0x00, 0x00, 0x00, 0x00, 0x00, 0x00, 0x00, 0x00, 0x00, 0x00, 0x00, 0x00, 0x00, 0x00,
    0x00, 0x00, 0x00, 0x00, 0x00, 0x00, 0x00, 0x00, 0x00, 0x00, 0x00, 0x00, 0x00, 0x00, 0x00, 0x00,
    0x00, 0x00, 0x00, 0x00, 0x00, 0x00, 0x00, 0x00, 0x00, 0x00, 0x00, 0x00, 0x00, 0x00, 0x00, 0x00,
    0x00, 0x00, 0x00, 0x00, 0x00, 0x00, 0x00, 0x00, 0x00, 0x00, 0x00, 0x00, 0x00, 0x00, 0x00, 0x00,
    0x00, 0x00, 0x00, 0x00, 0x00, 0x00, 0x00, 0x00, 0x00, 0x00, 0x00, 0x00, 0x00, 0x00, 0x00, 0x00,
    0x00, 0x00, 0x00, 0x00, 0x00, 0x00, 0x00, 0x00, 0x00, 0x00, 0x00, 0x00, 0x00, 0x00, 0x00, 0x00,
    0x00, 0x00, 0x00, 0x00, 0x00, 0x00, 0x00, 0x00, 0x00, 0x00, 0x00, 0x00, 0x00, 0x00, 0x00, 0x00,
    0x00, 0x00, 0x00, 0x00, 0x00, 0x00, 0x00, 0x00, 0x86, 0x78, 0x30, 0xd1, 0xdb, 0xd1, 0x4b, 0xff,
    0xdb, 0xd1, 0x4a, 0xff, 0x80, 0x73, 0x2e, 0xd1, 0x00, 0x00, 0x00, 0x00, 0x00, 0x00, 0x00, 0x00,
    0x00, 0x00, 0x00, 0x00, 0x00, 0x00, 0x00, 0x00, 0x00, 0x00, 0x00, 0x00, 0x00, 0x00, 0x00, 0x00,
    0x00, 0x00, 0x00, 0x00, 0x00, 0x00, 0x00, 0x00, 0x00, 0x00, 0x00, 0x00, 0x00, 0x00, 0x00, 0x00,
    0x00, 0x00, 0x00, 0x00, 0x00, 0x00, 0x00, 0x00, 0x00, 0x00, 0x00, 0x00, 0x00, 0x00, 0x00, 0x00,
    0x00, 0x00, 0x00, 0x00, 0x00, 0x00, 0x00, 0x00, 0x00, 0x00, 0x00, 0x00, 0x00, 0x00, 0x00, 0x00,
    0x00, 0x00, 0x00, 0x00, 0x00, 0x00, 0x00, 0x00, 0x00, 0x00, 0x00, 0x00, 0x00, 0x00, 0x00, 0x00,
    0x00, 0x00, 0x00, 0x00, 0x00, 0x00, 0x00, 0x00, 0x00, 0x00, 0x00, 0x00, 0x00, 0x00, 0x00, 0x00,
    0x00, 0x00, 0x00, 0x00, 0x00, 0x00, 0x00, 0x00, 0x00, 0x00, 0x00, 0x00, 0x00, 0x00, 0x00, 0x00,
    0x00, 0x00, 0x00, 0x00, 0x00, 0x00, 0x00, 0x00, 0x00, 0x00, 0x00, 0x00, 0x00, 0x00, 0x00, 0x00,
    0x00, 0x00, 0x00, 0x00, 0x00, 0x00, 0x00, 0x00, 0x19, 0x15, 0x07, 0x38, 0x4f, 0x46, 0x12, 0xe8,
    0x4f, 0x46, 0x12, 0xe8, 0x16, 0x13, 0x07, 0x39, 0x00, 0x00, 0x00, 0x00, 0x00, 0x00, 0x00, 0x00,
    0x00, 0x00, 0x00, 0x00, 0x00, 0x00, 0x00, 0x00, 0x00, 0x00, 0x00, 0x00, 0x00, 0x00, 0x00, 0x00,
    0x00, 0x00, 0x00, 0x00, 0x00, 0x00, 0x00, 0x00, 0x00, 0x00, 0x00, 0x00, 0x00, 0x00, 0x00, 0x00,
    0x00, 0x00, 0x00, 0x00, 0x00, 0x00, 0x00, 0x00, 0x00, 0x00, 0x00, 0x00, 0x00, 0x00, 0x00, 0x00,
    0x00, 0x00, 0x00, 0x00, 0x00, 0x00, 0x00, 0x00, 0x00, 0x00, 0x00, 0x00, 0x00, 0x00, 0x00, 0x00,
    0x00, 0x00, 0x00, 0x00, 0x00, 0x00, 0x00, 0x00, 0x00, 0x00, 0x00, 0x00, 0x00, 0x00, 0x00, 0x00,
    0x00, 0x00, 0x00, 0x00, 0x00, 0x00, 0x00, 0x00, 0x00, 0x00, 0x00, 0x00, 0x00, 0x00, 0x00, 0x00,
    0x00, 0x00, 0x00, 0x00, 0x00, 0x00, 0x00, 0x00, 0x00, 0x00, 0x00, 0x00, 0x00, 0x00, 0x00, 0x00,
    0x00, 0x00, 0x00, 0x00, 0x00, 0x00, 0x00, 0x00, 0x00, 0x00, 0x00, 0x00, 0x00, 0x00, 0x00, 0x00,
    0x00, 0x00, 0x00, 0x00, 0x00, 0x00, 0x00, 0x00, 0x01, 0x00, 0x00, 0x02, 0x32, 0x2c, 0x16, 0xbf,
    0x33, 0x2e, 0x1d, 0xbf, 0x01, 0x01, 0x00, 0x02, 0x00, 0x00, 0x00, 0x00, 0x00, 0x00, 0x00, 0x00,
    0x00, 0x00, 0x00, 0x00, 0x00, 0x00, 0x00, 0x00, 0x00, 0x00, 0x00, 0x00, 0x00, 0x00, 0x00, 0x00,
    0x00, 0x00, 0x00, 0x00, 0x00, 0x00, 0x00, 0x00, 0x00, 0x00, 0x00, 0x00, 0x00, 0x00, 0x00, 0x00,
    0x00, 0x00, 0x00, 0x00, 0x00, 0x00, 0x00, 0x00, 0x00, 0x00, 0x00, 0x00, 0x00, 0x00, 0x00, 0x00,
    0x00, 0x00, 0x00, 0x00, 0x00, 0x00, 0x00, 0x00, 0x00, 0x00, 0x00, 0x00, 0x00, 0x00, 0x00, 0x00,
    0x00, 0x00, 0x00, 0x00, 0x00, 0x00, 0x00, 0x00, 0x00, 0x00, 0x00, 0x00, 0x00, 0x00, 0x00, 0x00,
    0x00, 0x00, 0x00, 0x00, 0x00, 0x00, 0x00, 0x00, 0x00, 0x00, 0x00, 0x00, 0x00, 0x00, 0x00, 0x00,
    0x00, 0x00, 0x00, 0x00, 0x00, 0x00, 0x00, 0x00, 0x00, 0x00, 0x00, 0x00, 0x00, 0x00, 0x00, 0x00,
    0x00, 0x00, 0x00, 0x00, 0x00, 0x00, 0x00, 0x00, 0x00, 0x00, 0x00, 0x00, 0x02, 0x02, 0x02, 0x03,
    0x22, 0x21, 0x20, 0x25, 0x44, 0x41, 0x3c, 0x48, 0x5d, 0x52, 0x40, 0x99, 0x37, 0x2f, 0x21, 0xff,
    0x4d, 0x47, 0x3e, 0xff, 0x57, 0x4e, 0x40, 0x98, 0x45, 0x41, 0x3c, 0x49, 0x22, 0x21, 0x20, 0x25,
    0x02, 0x02, 0x02, 0x03, 0x00, 0x00, 0x00, 0x00, 0x00, 0x00, 0x00, 0x00, 0x00, 0x00, 0x00, 0x00,
    0x00, 0x00, 0x00, 0x00, 0x00, 0x00, 0x00, 0x00, 0x00, 0x00, 0x00, 0x00, 0x00, 0x00, 0x00, 0x00,
    0x00, 0x00, 0x00, 0x00, 0x00, 0x00, 0x00, 0x00, 0x00, 0x00, 0x00, 0x00, 0x00, 0x00, 0x00, 0x00,
    0x00, 0x00, 0x00, 0x00, 0x00, 0x00, 0x00, 0x00, 0x00, 0x00, 0x00, 0x00, 0x00, 0x00, 0x00, 0x00,
    0x00, 0x00, 0x00, 0x00, 0x00, 0x00, 0x00, 0x00, 0x00, 0x00, 0x00, 0x00, 0x00, 0x00, 0x00, 0x00,
    0x00, 0x00, 0x00, 0x00, 0x00, 0x00, 0x00, 0x00, 0x00, 0x00, 0x00, 0x00, 0x00, 0x00, 0x00, 0x00,
    0x00, 0x00, 0x00, 0x00, 0x00, 0x00, 0x00, 0x00, 0x00, 0x00, 0x00, 0x00, 0x00, 0x00, 0x00, 0x00,
    0x00, 0x00, 0x00, 0x00, 0x2d, 0x2b, 0x29, 0x35, 0x6b, 0x64, 0x5b, 0x9a, 0xd4, 0xc1, 0xb1, 0xeb,
    0xcd, 0xb4, 0x9f, 0xff, 0xaf, 0x97, 0x81, 0xff, 0x88, 0x74, 0x5d, 0xff, 0x3f, 0x36, 0x23, 0xff,
    0x3d, 0x36, 0x29, 0xff, 0x76, 0x65, 0x52, 0xff, 0x9a, 0x84, 0x6f, 0xff, 0xb8, 0xa0, 0x8b, 0xff,
    0xc6, 0xb3, 0xa1, 0xeb, 0x6a, 0x62, 0x59, 0x99, 0x2d, 0x2b, 0x2a, 0x34, 0x00, 0x00, 0x00, 0x00,
    0x00, 0x00, 0x00, 0x00, 0x00, 0x00, 0x00, 0x00, 0x00, 0x00, 0x00, 0x00, 0x00, 0x00, 0x00, 0x00,
    0x00, 0x00, 0x00, 0x00, 0x00, 0x00, 0x00, 0x00, 0x00, 0x00, 0x00, 0x00, 0x00, 0x00, 0x00, 0x00,
    0x00, 0x00, 0x00, 0x00, 0x00, 0x00, 0x00, 0x00, 0x00, 0x00, 0x00, 0x00, 0x00, 0x00, 0x00, 0x00,
    0x00, 0x00, 0x00, 0x00, 0x00, 0x00, 0x00, 0x00, 0x00, 0x00, 0x00, 0x00, 0x00, 0x00, 0x00, 0x00,
    0x00, 0x00, 0x00, 0x00, 0x00, 0x00, 0x00, 0x00, 0x00, 0x00, 0x00, 0x00, 0x00, 0x00, 0x00, 0x00,
    0x00, 0x00, 0x00, 0x00, 0x00, 0x00, 0x00, 0x00, 0x00, 0x00, 0x00, 0x00, 0x0c, 0x0c, 0x0c, 0x0e,
    0x95, 0x8d, 0x86, 0x9e, 0xdb, 0xc4, 0xb3, 0xfe, 0x8f, 0x7e, 0x6f, 0xff, 0x8e, 0x7a, 0x69, 0xff,
    0x6a, 0x5c, 0x4f, 0xff, 0x57, 0x4d, 0x43, 0xff, 0x4e, 0x46, 0x3c, 0xff, 0x48, 0x41, 0x36, 0xff,
    0x45, 0x3f, 0x35, 0xff, 0x47, 0x40, 0x39, 0xff, 0x48, 0x41, 0x3a, 0xff, 0x50, 0x47, 0x3d, 0xff,
    0x63, 0x56, 0x48, 0xff, 0x74, 0x66, 0x56, 0xff, 0xb9, 0xa4, 0x91, 0xfd, 0x8d, 0x83, 0x7b, 0x9c,
    0x0c, 0x0c, 0x0c, 0x0e, 0x00, 0x00, 0x00, 0x00, 0x00, 0x00, 0x00, 0x00, 0x00, 0x00, 0x00, 0x00,
    0x00, 0x00, 0x00, 0x00, 0x00, 0x00, 0x00, 0x00, 0x00, 0x00, 0x00, 0x00, 0x00, 0x00, 0x00, 0x00,
    0x00, 0x00, 0x00, 0x00, 0x00, 0x00, 0x00, 0x00, 0x00, 0x00, 0x00, 0x00, 0x00, 0x00, 0x00, 0x00,
    0x00, 0x00, 0x00, 0x00, 0x00, 0x00, 0x00, 0x00, 0x00, 0x00, 0x00, 0x00, 0x00, 0x00, 0x00, 0x00,
    0x00, 0x00, 0x00, 0x00, 0x00, 0x00, 0x00, 0x00, 0x00, 0x00, 0x00, 0x00, 0x00, 0x00, 0x00, 0x00,
    0x00, 0x00, 0x00, 0x00, 0x00, 0x00, 0x00, 0x00, 0x1b, 0x1b, 0x1b, 0x1d, 0xca, 0xbf, 0xb5, 0xd4,
    0xce, 0xb5, 0xa6, 0xff, 0x9e, 0x8b, 0x80, 0xff, 0x65, 0x5a, 0x52, 0xff, 0x54, 0x4c, 0x45, 0xff,
    0x51, 0x4b, 0x47, 0xff, 0x56, 0x51, 0x4e, 0xff, 0x5c, 0x58, 0x56, 0xff, 0x60, 0x5b, 0x59, 0xff,
    0x61, 0x5c, 0x5a, 0xff, 0x5f, 0x5a, 0x59, 0xff, 0x58, 0x54, 0x52, 0xff, 0x4f, 0x4b, 0x48, 0xff,
    0x48, 0x43, 0x3f, 0xff, 0x45, 0x3f, 0x39, 0xff, 0x5a, 0x50, 0x47, 0xff, 0x88, 0x77, 0x68, 0xff,
    0xb5, 0xa5, 0x98, 0xd5, 0x1c, 0x1c, 0x1b, 0x1e, 0x00, 0x00, 0x00, 0x00, 0x00, 0x00, 0x00, 0x00,
    0x00, 0x00, 0x00, 0x00, 0x00, 0x00, 0x00, 0x00, 0x00, 0x00, 0x00, 0x00, 0x00, 0x00, 0x00, 0x00,
    0x00, 0x00, 0x00, 0x00, 0x00, 0x00, 0x00, 0x00, 0x00, 0x00, 0x00, 0x00, 0x00, 0x00, 0x00, 0x00,
    0x00, 0x00, 0x00, 0x00, 0x00, 0x00, 0x00, 0x00, 0x00, 0x00, 0x00, 0x00, 0x00, 0x00, 0x00, 0x00,
    0x00, 0x00, 0x00, 0x00, 0x00, 0x00, 0x00, 0x00, 0x00, 0x00, 0x00, 0x00, 0x00, 0x00, 0x00, 0x00,
    0x00, 0x00, 0x00, 0x00, 0x0e, 0x0d, 0x0c, 0x10, 0xcf, 0xc3, 0xb8, 0xd9, 0xc8, 0xb0, 0xa2, 0xff,
    0x99, 0x8a, 0x80, 0xff, 0x8c, 0x83, 0x7f, 0xff, 0x6d, 0x68, 0x65, 0xff, 0x5d, 0x59, 0x57, 0xff,
    0x68, 0x64, 0x63, 0xff, 0x79, 0x74, 0x74, 0xff, 0x88, 0x83, 0x83, 0xff, 0x94, 0x8e, 0x8e, 0xff,
    0x9c, 0x95, 0x95, 0xff, 0x99, 0x92, 0x92, 0xff, 0x8d, 0x87, 0x87, 0xff, 0x78, 0x72, 0x72, 0xff,
    0x63, 0x5e, 0x5d, 0xff, 0x56, 0x52, 0x4f, 0xff, 0x5a, 0x54, 0x51, 0xff, 0x53, 0x4c, 0x46, 0xff,
    0x75, 0x67, 0x5a, 0xff, 0xb4, 0xa3, 0x95, 0xda, 0x0e, 0x0e, 0x0d, 0x10, 0x00, 0x00, 0x00, 0x00,
    0x00, 0x00, 0x00, 0x00, 0x00, 0x00, 0x00, 0x00, 0x00, 0x00, 0x00, 0x00, 0x00, 0x00, 0x00, 0x00,
    0x00, 0x00, 0x00, 0x00, 0x00, 0x00, 0x00, 0x00, 0x00, 0x00, 0x00, 0x00, 0x00, 0x00, 0x00, 0x00,
    0x00, 0x00, 0x00, 0x00, 0x00, 0x00, 0x00, 0x00, 0x00, 0x00, 0x00, 0x00, 0x00, 0x00, 0x00, 0x00,
    0x00, 0x00, 0x00, 0x00, 0x00, 0x00, 0x00, 0x00, 0x00, 0x00, 0x00, 0x00, 0x00, 0x00, 0x00, 0x00,
    0x00, 0x00, 0x00, 0x00, 0x72, 0x67, 0x58, 0x9f, 0xd0, 0xb8, 0xa8, 0xff, 0x99, 0x8a, 0x81, 0xff,
    0x8e, 0x84, 0x81, 0xff, 0x8d, 0x87, 0x87, 0xff, 0x40, 0x3d, 0x38, 0xff, 0x3b, 0x39, 0x38, 0xff,
    0x41, 0x40, 0x3f, 0xff, 0x49, 0x48, 0x47, 0xff, 0x52, 0x50, 0x50, 0xff, 0x5a, 0x58, 0x58, 0xff,
    0x5f, 0x5e, 0x5d, 0xff, 0x61, 0x60, 0x5f, 0xff, 0x5e, 0x5c, 0x5c, 0xff, 0x56, 0x54, 0x54, 0xff,
    0x48, 0x46, 0x45, 0xff, 0x3f, 0x3c, 0x3b, 0xff, 0x76, 0x71, 0x71, 0xff, 0x5f, 0x59, 0x57, 0xff,
    0x53, 0x4d, 0x48, 0xff, 0x79, 0x6a, 0x5d, 0xff, 0x6b, 0x61, 0x53, 0x9b, 0x00, 0x00, 0x00, 0x00,
    0x00, 0x00, 0x00, 0x00, 0x00, 0x00, 0x00, 0x00, 0x00, 0x00, 0x00, 0x00, 0x00, 0x00, 0x00, 0x00,
    0x00, 0x00, 0x00, 0x00, 0x00, 0x00, 0x00, 0x00, 0x00, 0x00, 0x00, 0x00, 0x00, 0x00, 0x00, 0x00,
    0x00, 0x00, 0x00, 0x00, 0x00, 0x00, 0x00, 0x00, 0x00, 0x00, 0x00, 0x00, 0x00, 0x00, 0x00, 0x00,
    0x00, 0x00, 0x00, 0x00, 0x00, 0x00, 0x00, 0x00, 0x00, 0x00, 0x00, 0x00, 0x00, 0x00, 0x00, 0x00,
    0x23, 0x20, 0x1a, 0x30, 0xa6, 0x91, 0x7b, 0xfe, 0xab, 0x9a, 0x8e, 0xff, 0x8b, 0x81, 0x7d, 0xff,
    0x94, 0x8d, 0x8c, 0xff, 0x81, 0x7c, 0x7b, 0xff, 0x4d, 0x48, 0x44, 0xff, 0x30, 0x2d, 0x29, 0xff,
    0x38, 0x35, 0x31, 0xff, 0x43, 0x40, 0x3c, 0xff, 0x4f, 0x4c, 0x4a, 0xff, 0x5e, 0x5b, 0x5a, 0xff,
    0x6a, 0x68, 0x68, 0xff, 0x71, 0x6e, 0x6e, 0xff, 0x6c, 0x69, 0x68, 0xff, 0x5e, 0x5a, 0x59, 0xff,
    0x46, 0x43, 0x41, 0xff, 0x4d, 0x49, 0x47, 0xff, 0x78, 0x73, 0x72, 0xff, 0x7a, 0x73, 0x72, 0xff,
    0x5d, 0x57, 0x54, 0xff, 0x59, 0x52, 0x4c, 0xff, 0x8a, 0x78, 0x63, 0xfd, 0x22, 0x1f, 0x1a, 0x2d,
    0x00, 0x00, 0x00, 0x00, 0x00, 0x00, 0x00, 0x00, 0x00, 0x00, 0x00, 0x00, 0x00, 0x00, 0x00, 0x00,
    0x00, 0x00, 0x00, 0x00, 0x00, 0x00, 0x00, 0x00, 0x00, 0x00, 0x00, 0x00, 0x00, 0x00, 0x00, 0x00,
    0x00, 0x00, 0x00, 0x00, 0x00, 0x00, 0x00, 0x00, 0x00, 0x00, 0x00, 0x00, 0x00, 0x00, 0x00, 0x00,
    0x00, 0x00, 0x00, 0x00, 0x00, 0x00, 0x00, 0x00, 0x00, 0x00, 0x00, 0x00, 0x00, 0x00, 0x00, 0x00,
    0x6d, 0x5e, 0x4b, 0x90, 0x70, 0x62, 0x51, 0xff, 0xa0, 0x93, 0x8b, 0xff, 0x88, 0x80, 0x7e, 0xff,
    0x99, 0x92, 0x93, 0xff, 0x85, 0x81, 0x81, 0xff, 0x30, 0x2c, 0x28, 0xff, 0x6c, 0x68, 0x32, 0xff,
    0x97, 0x91, 0x40, 0xff, 0x99, 0x94, 0x47, 0xff, 0x54, 0x4e, 0x37, 0xff, 0x70, 0x6b, 0x4a, 0xff,
    0x77, 0x73, 0x53, 0xff, 0x78, 0x72, 0x56, 0xff, 0x8e, 0x88, 0x58, 0xff, 0x71, 0x6b, 0x4d, 0xff,
    0x61, 0x5c, 0x42, 0xff, 0x40, 0x3d, 0x39, 0xff, 0x93, 0x8b, 0x8a, 0xff, 0x97, 0x8e, 0x8d, 0xff,
    0x6c, 0x66, 0x65, 0xff, 0x5e, 0x57, 0x53, 0xff, 0x4e, 0x43, 0x35, 0xff, 0x65, 0x58, 0x48, 0x8d,
    0x00, 0x00, 0x00, 0x00, 0x00, 0x00, 0x00, 0x00, 0x00, 0x00, 0x00, 0x00, 0x00, 0x00, 0x00, 0x00,
    0x00, 0x00, 0x00, 0x00, 0x00, 0x00, 0x00, 0x00, 0x00, 0x00, 0x00, 0x00, 0x00, 0x00, 0x00, 0x00,
    0x00, 0x00, 0x00, 0x00, 0x00, 0x00, 0x00, 0x00, 0x00, 0x00, 0x00, 0x00, 0x00, 0x00, 0x00, 0x00,
    0x00, 0x00, 0x00, 0x00, 0x00, 0x00, 0x00, 0x00, 0x00, 0x00, 0x00, 0x00, 0x09, 0x08, 0x06, 0x0f,
    0x7d, 0x69, 0x51, 0xde, 0x50, 0x47, 0x3a, 0xff, 0x98, 0x8d, 0x86, 0xff, 0x85, 0x7f, 0x7d, 0xff,
    0x98, 0x93, 0x94, 0xff, 0x8f, 0x8b, 0x8c, 0xff, 0x2c, 0x29, 0x24, 0xff, 0x7a, 0x76, 0x33, 0xff,
    0x91, 0x8a, 0x35, 0xff, 0x9f, 0x9a, 0x41, 0xff, 0x74, 0x6d, 0x32, 0xff, 0x90, 0x8a, 0x40, 0xff,
    0xa8, 0xa2, 0x49, 0xff, 0xa2, 0x9c, 0x49, 0xff, 0xb5, 0xaf, 0x4f, 0xff, 0xa5, 0x9f, 0x49, 0xff,
    0x8d, 0x87, 0x40, 0xff, 0x3b, 0x37, 0x32, 0xff, 0xad, 0xa2, 0xa2, 0xff, 0xab, 0xa0, 0xa0, 0xff,
    0x77, 0x71, 0x70, 0xff, 0x60, 0x5a, 0x57, 0xff, 0x38, 0x31, 0x28, 0xff, 0x76, 0x66, 0x50, 0xdc,
    0x09, 0x09, 0x07, 0x0e, 0x00, 0x00, 0x00, 0x00, 0x00, 0x00, 0x00, 0x00, 0x00, 0x00, 0x00, 0x00,
    0x00, 0x00, 0x00, 0x00, 0x00, 0x00, 0x00, 0x00, 0x00, 0x00, 0x00, 0x00, 0x00, 0x00, 0x00, 0x00,
    0x00, 0x00, 0x00, 0x00, 0x00, 0x00, 0x00, 0x00, 0x00, 0x00, 0x00, 0x00, 0x00, 0x00, 0x00, 0x00,
    0x00, 0x00, 0x00, 0x00, 0x00, 0x00, 0x00, 0x00, 0x00, 0x00, 0x00, 0x01, 0x5c, 0x4f, 0x3d, 0x8b,
    0x5a, 0x4b, 0x39, 0xff, 0x3c, 0x35, 0x2b, 0xff, 0x8e, 0x83, 0x7c, 0xff, 0x7c, 0x77, 0x75, 0xff,
    0x91, 0x8d, 0x8d, 0xff, 0xa2, 0x9e, 0x9f, 0xff, 0x41, 0x3d, 0x3b, 0xff, 0x27, 0x24, 0x1c, 0xff,
    0x2b, 0x27, 0x1e, 0xff, 0x2e, 0x2b, 0x22, 0xff, 0x33, 0x2f, 0x26, 0xff, 0x37, 0x34, 0x2c, 0xff,
    0x3a, 0x38, 0x30, 0xff, 0x3d, 0x39, 0x30, 0xff, 0x3d, 0x39, 0x2f, 0xff, 0x39, 0x35, 0x2c, 0xff,
    0x34, 0x31, 0x29, 0xff, 0x55, 0x51, 0x4f, 0xff, 0xcd, 0xc0, 0xbf, 0xff, 0xa8, 0x9d, 0x9d, 0xff,
    0x76, 0x70, 0x6f, 0xff, 0x60, 0x5a, 0x56, 0xff, 0x2f, 0x29, 0x22, 0xff, 0x4e, 0x43, 0x35, 0xff,
    0x58, 0x4d, 0x3f, 0x88, 0x00, 0x00, 0x00, 0x01, 0x00, 0x00, 0x00, 0x00, 0x00, 0x00, 0x00, 0x00,
    0x00, 0x00, 0x00, 0x00, 0x00, 0x00, 0x00, 0x00, 0x00, 0x00, 0x00, 0x00, 0x00, 0x00, 0x00, 0x00,
    0x00, 0x00, 0x00, 0x00, 0x00, 0x00, 0x00, 0x00, 0x00, 0x00, 0x00, 0x00, 0x00, 0x00, 0x00, 0x00,
    0x00, 0x00, 0x00, 0x00, 0x01, 0x01, 0x00, 0x04, 0x7b, 0x6e, 0x5b, 0xbc, 0x57, 0x49, 0x36, 0xff,
    0x34, 0x2d, 0x25, 0xff, 0x32, 0x2d, 0x24, 0xff, 0x5f, 0x57, 0x50, 0xff, 0x34, 0x31, 0x30, 0xff,
    0x4e, 0x4b, 0x4a, 0xff, 0x7e, 0x7a, 0x79, 0xff, 0x9c, 0x97, 0x98, 0xff, 0x7f, 0x7b, 0x7a, 0xff,
    0x42, 0x3f, 0x3e, 0xff, 0x27, 0x24, 0x21, 0xff, 0x26, 0x26, 0x28, 0xff, 0x1e, 0x79, 0x9a, 0xff,
    0x1f, 0x7a, 0x9c, 0xff, 0x2c, 0x2c, 0x2f, 0xff, 0x2e, 0x2b, 0x28, 0xff, 0x50, 0x4d, 0x4b, 0xff,
    0x9f, 0x96, 0x95, 0xff, 0xce, 0xc1, 0xbf, 0xff, 0xa0, 0x95, 0x94, 0xff, 0x59, 0x54, 0x54, 0xff,
    0x33, 0x30, 0x30, 0xff, 0x46, 0x41, 0x3e, 0xff, 0x27, 0x23, 0x1d, 0xff, 0x31, 0x2c, 0x27, 0xff,
    0x4e, 0x44, 0x36, 0xff, 0x78, 0x6d, 0x60, 0xba, 0x01, 0x01, 0x00, 0x03, 0x00, 0x00, 0x00, 0x00,
    0x00, 0x00, 0x00, 0x00, 0x00, 0x00, 0x00, 0x00, 0x00, 0x00, 0x00, 0x00, 0x00, 0x00, 0x00, 0x00,
    0x00, 0x00, 0x00, 0x00, 0x00, 0x00, 0x00, 0x00, 0x00, 0x00, 0x00, 0x00, 0x00, 0x00, 0x00, 0x00,
    0x00, 0x00, 0x00, 0x00, 0x4d, 0x45, 0x2c, 0x66, 0x52, 0x49, 0x3d, 0xff, 0x29, 0x25, 0x20, 0xff,
    0x31, 0x2c, 0x28, 0xff, 0x2b, 0x26, 0x1f, 0xff, 0x18, 0x18, 0x17, 0xff, 0x16, 0x14, 0x12, 0xff,
    0x08, 0x06, 0x02, 0xff, 0x0a, 0x08, 0x05, 0xff, 0x27, 0x23, 0x1c, 0xff, 0x50, 0x4c, 0x44, 0xff,
    0x79, 0x75, 0x6f, 0xff, 0x33, 0x30, 0x2f, 0xff, 0x37, 0x35, 0x35, 0xff, 0x3b, 0x3e, 0x46, 0xff,
    0x3d, 0x40, 0x48, 0xff, 0x3e, 0x3c, 0x3c, 0xff, 0x37, 0x34, 0x33, 0xff, 0x91, 0x8a, 0x85, 0xff,
    0x67, 0x60, 0x5b, 0xff, 0x31, 0x2d, 0x28, 0xff, 0x0e, 0x0c, 0x08, 0xff, 0x09, 0x06, 0x03, 0xff,
    0x0c, 0x0a, 0x07, 0xff, 0x11, 0x10, 0x0f, 0xff, 0x24, 0x20, 0x1b, 0xff, 0x36, 0x32, 0x2f, 0xff,
    0x2d, 0x2a, 0x27, 0xff, 0x4f, 0x48, 0x3f, 0xff, 0x4e, 0x46, 0x2f, 0x65, 0x00, 0x00, 0x00, 0x00,
    0x00, 0x00, 0x00, 0x00, 0x00, 0x00, 0x00, 0x00, 0x00, 0x00, 0x00, 0x00, 0x00, 0x00, 0x00, 0x00,
    0x00, 0x00, 0x00, 0x00, 0x00, 0x00, 0x00, 0x00, 0x00, 0x00, 0x00, 0x00, 0x00, 0x00, 0x00, 0x00,
    0x00, 0x00, 0x00, 0x00, 0x8c, 0x7f, 0x34, 0xcb, 0x78, 0x72, 0x6c, 0xff, 0x57, 0x54, 0x53, 0xff,
    0x3e, 0x3b, 0x39, 0xff, 0x19, 0x16, 0x12, 0xff, 0x42, 0x40, 0x3f, 0xff, 0x0c, 0x09, 0x05, 0xff,
    0x08, 0x05, 0x01, 0xff, 0x0b, 0x08, 0x01, 0xff, 0x0d, 0x09, 0x01, 0xff, 0x0d, 0x09, 0x01, 0xff,
    0x0c, 0x09, 0x02, 0xff, 0x0a, 0x08, 0x05, 0xff, 0x0f, 0x0d, 0x0a, 0xff, 0x1b, 0x19, 0x18, 0xff,
    0x1f, 0x1e, 0x1c, 0xff, 0x20, 0x1e, 0x1d, 0xff, 0x22, 0x1f, 0x1c, 0xff, 0x1f, 0x1b, 0x14, 0xff,
    0x1d, 0x19, 0x0e, 0xff, 0x15, 0x11, 0x04, 0xff, 0x0f, 0x0b, 0x01, 0xff, 0x08, 0x06, 0x01, 0xff,
    0x07, 0x05, 0x02, 0xff, 0x2f, 0x2d, 0x2b, 0xff, 0x19, 0x17, 0x15, 0xff, 0x4a, 0x46, 0x45, 0xff,
    0x68, 0x64, 0x63, 0xff, 0x85, 0x7d, 0x77, 0xff, 0x89, 0x7f, 0x3a, 0xca, 0x00, 0x00, 0x00, 0x00,
    0x00, 0x00, 0x00, 0x00, 0x00, 0x00, 0x00, 0x00, 0x00, 0x00, 0x00, 0x00, 0x00, 0x00, 0x00, 0x00,
    0x00, 0x00, 0x00, 0x00, 0x00, 0x00, 0x00, 0x00, 0x00, 0x00, 0x00, 0x00, 0x00, 0x00, 0x00, 0x00,
    0x08, 0x07, 0x05, 0x0b, 0xa2, 0x93, 0x3d, 0xfd, 0xa8, 0xa2, 0x9b, 0xff, 0x7e, 0x7a, 0x7a, 0xff,
    0x43, 0x41, 0x3f, 0xff, 0x1e, 0x1c, 0x19, 0xff, 0x2d, 0x2a, 0x26, 0xff, 0x09, 0x07, 0x01, 0xff,
    0x17, 0x12, 0x01, 0xff, 0x72, 0x6c, 0x18, 0xff, 0x86, 0x81, 0x17, 0xff, 0x70, 0x6a, 0x16, 0xff,
    0x2b, 0x25, 0x07, 0xff, 0x0c, 0x08, 0x01, 0xff, 0x0b, 0x08, 0x05, 0xff, 0x18, 0x16, 0x13, 0xff,
    0x1d, 0x1a, 0x17, 0xff, 0x20, 0x1c, 0x18, 0xff, 0x22, 0x1e, 0x14, 0xff, 0x39, 0x32, 0x11, 0xff,
    0x76, 0x70, 0x18, 0xff, 0x89, 0x83, 0x17, 0xff, 0x74, 0x6e, 0x19, 0xff, 0x18, 0x13, 0x01, 0xff,
    0x07, 0x05, 0x01, 0xff, 0x22, 0x1f, 0x1b, 0xff, 0x24, 0x22, 0x21, 0xff, 0x53, 0x4f, 0x4f, 0xff,
    0x8c, 0x8a, 0x8a, 0xff, 0xb0, 0xaa, 0xa3, 0xff, 0xa2, 0x94, 0x43, 0xfc, 0x07, 0x06, 0x05, 0x0a,
    0x00, 0x00, 0x00, 0x00, 0x00, 0x00, 0x00, 0x00, 0x00, 0x00, 0x00, 0x00, 0x00, 0x00, 0x00, 0x00,
    0x00, 0x00, 0x00, 0x00, 0x00, 0x00, 0x00, 0x00, 0x00, 0x00, 0x00, 0x00, 0x00, 0x00, 0x00, 0x00,
    0x16, 0x15, 0x0c, 0x1c, 0x94, 0x85, 0x31, 0xff, 0x6c, 0x67, 0x5e, 0xff, 0x4a, 0x48, 0x48, 0xff,
    0x2b, 0x2a, 0x28, 0xff, 0x28, 0x26, 0x24, 0xff, 0x1c, 0x19, 0x11, 0xff, 0x24, 0x20, 0x02, 0xff,
    0x6c, 0x66, 0x16, 0xff, 0xa3, 0x9b, 0x06, 0xff, 0x69, 0x61, 0x04, 0xff, 0x86, 0x7f, 0x05, 0xff,
    0xbe, 0xb8, 0x1f, 0xff, 0x19, 0x13, 0x01, 0xff, 0x09, 0x06, 0x01, 0xff, 0x10, 0x0d, 0x09, 0xff,
    0x13, 0x10, 0x0b, 0xff, 0x16, 0x12, 0x0a, 0xff, 0x25, 0x1f, 0x07, 0xff, 0xc1, 0xba, 0x23, 0xff,
    0x8b, 0x83, 0x05, 0xff, 0x6b, 0x63, 0x05, 0xff, 0xa2, 0x9b, 0x08, 0xff, 0x6e, 0x66, 0x19, 0xff,
    0x22, 0x1f, 0x02, 0xff, 0x17, 0x14, 0x0c, 0xff, 0x33, 0x32, 0x31, 0xff, 0x35, 0x33, 0x32, 0xff,
    0x55, 0x52, 0x53, 0xff, 0x6f, 0x6a, 0x62, 0xff, 0x93, 0x84, 0x37, 0xff, 0x18, 0x15, 0x10, 0x1d,
    0x00, 0x00, 0x00, 0x00, 0x00, 0x00, 0x00, 0x00, 0x00, 0x00, 0x00, 0x00, 0x00, 0x00, 0x00, 0x00,
    0x00, 0x00, 0x00, 0x00, 0x00, 0x00, 0x00, 0x00, 0x00, 0x00, 0x00, 0x00, 0x00, 0x00, 0x00, 0x00,
    0x0c, 0x0b, 0x06, 0x0f, 0x92, 0x84, 0x2c, 0xff, 0x37, 0x34, 0x2e, 0xff, 0x1f, 0x1f, 0x21, 0xff,
    0x19, 0x17, 0x15, 0xff, 0x22, 0x21, 0x1f, 0xff, 0x3f, 0x3b, 0x0a, 0xff, 0x6c, 0x67, 0x04, 0xff,
    0x8a, 0x84, 0x15, 0xff, 0x68, 0x60, 0x02, 0xff, 0x2b, 0x25, 0x00, 0xff, 0x34, 0x2e, 0x01, 0xff,
    0xc3, 0xbc, 0x1b, 0xff, 0x25, 0x1d, 0x01, 0xff, 0x09, 0x06, 0x01, 0xff, 0x0a, 0x07, 0x03, 0xff,
    0x0c, 0x09, 0x04, 0xff, 0x11, 0x0e, 0x03, 0xff, 0x2c, 0x25, 0x02, 0xff, 0xc5, 0xbe, 0x1e, 0xff,
    0x38, 0x31, 0x01, 0xff, 0x2c, 0x26, 0x00, 0xff, 0x69, 0x61, 0x02, 0xff, 0x8c, 0x84, 0x19, 0xff,
    0x6e, 0x69, 0x04, 0xff, 0x3b, 0x37, 0x07, 0xff, 0x2d, 0x2c, 0x2b, 0xff, 0x1e, 0x1d, 0x1c, 0xff,
    0x24, 0x23, 0x25, 0xff, 0x37, 0x35, 0x2d, 0xff, 0x91, 0x83, 0x33, 0xff, 0x0c, 0x0a, 0x07, 0x0f,
    0x00, 0x00, 0x00, 0x00, 0x00, 0x00, 0x00, 0x00, 0x00, 0x00, 0x00, 0x00, 0x00, 0x00, 0x00, 0x00,
    0x00, 0x00, 0x00, 0x00, 0x00, 0x00, 0x00, 0x00, 0x00, 0x00, 0x00, 0x00, 0x00, 0x00, 0x00, 0x00,
    0x00, 0x00, 0x00, 0x00, 0x86, 0x79, 0x25, 0xda, 0x1d, 0x4d, 0x67, 0xff, 0x0a, 0x33, 0x4f, 0xff,
    0x0e, 0x0e, 0x0f, 0xff, 0x21, 0x1e, 0x1b, 0xff, 0x0f, 0x0c, 0x04, 0xff, 0x28, 0x24, 0x01, 0xff,
    0x81, 0x7b, 0x16, 0xff, 0x70, 0x68, 0x03, 0xff, 0x2c, 0x26, 0x01, 0xff, 0x37, 0x2f, 0x01, 0xff,
    0xc4, 0xbd, 0x1b, 0xff, 0x22, 0x1a, 0x02, 0xff, 0x08, 0x05, 0x01, 0xff, 0x07, 0x04, 0x01, 0xff,
    0x08, 0x05, 0x01, 0xff, 0x0e, 0x0a, 0x01, 0xff, 0x27, 0x20, 0x02, 0xff, 0xc5, 0xbe, 0x1e, 0xff,
    0x3a, 0x32, 0x01, 0xff, 0x2f, 0x28, 0x01, 0xff, 0x72, 0x6a, 0x04, 0xff, 0x84, 0x7c, 0x19, 0xff,
    0x28, 0x25, 0x01, 0xff, 0x0d, 0x0b, 0x04, 0xff, 0x2a, 0x29, 0x29, 0xff, 0x12, 0x12, 0x13, 0xff,
    0x0c, 0x39, 0x59, 0xff, 0x1d, 0x49, 0x61, 0xff, 0x85, 0x7a, 0x2b, 0xda, 0x00, 0x00, 0x00, 0x00,
    0x00, 0x00, 0x00, 0x00, 0x00, 0x00, 0x00, 0x00, 0x00, 0x00, 0x00, 0x00, 0x00, 0x00, 0x00, 0x00,
    0x00, 0x00, 0x00, 0x00, 0x00, 0x00, 0x00, 0x00, 0x00, 0x00, 0x00, 0x00, 0x00, 0x00, 0x00, 0x00,
    0x00, 0x00, 0x00, 0x00, 0x63, 0x5a, 0x1f, 0x83, 0x20, 0x3d, 0x47, 0xff, 0x08, 0x23, 0x35, 0xff,
    0x0b, 0x0a, 0x08, 0xff, 0x25, 0x21, 0x1b, 0xff, 0x0b, 0x08, 0x04, 0xff, 0x09, 0x06, 0x01, 0xff,
    0x41, 0x3a, 0x0f, 0xff, 0xc7, 0xc2, 0x18, 0xff, 0x8f, 0x89, 0x0b, 0xff, 0x99, 0x91, 0x09, 0xff,
    0xaf, 0xa7, 0x20, 0xff, 0x15, 0x0f, 0x01, 0xff, 0x06, 0x03, 0x01, 0xff, 0x04, 0x02, 0x01, 0xff,
    0x05, 0x03, 0x01, 0xff, 0x09, 0x06, 0x00, 0xff, 0x18, 0x13, 0x01, 0xff, 0xb1, 0xab, 0x24, 0xff,
    0x9a, 0x93, 0x0e, 0xff, 0x90, 0x88, 0x0d, 0xff, 0xc6, 0xbf, 0x1c, 0xff, 0x41, 0x3b, 0x10, 0xff,
    0x08, 0x06, 0x01, 0xff, 0x09, 0x07, 0x04, 0xff, 0x2b, 0x28, 0x28, 0xff, 0x0d, 0x0c, 0x0b, 0xff,
    0x0b, 0x28, 0x3a, 0xff, 0x21, 0x3b, 0x43, 0xff, 0x66, 0x5d, 0x25, 0x84, 0x00, 0x00, 0x00, 0x00,
    0x00, 0x00, 0x00, 0x00, 0x00, 0x00, 0x00, 0x00, 0x00, 0x00, 0x00, 0x00, 0x00, 0x00, 0x00, 0x00,
    0x00, 0x00, 0x00, 0x00, 0x00, 0x00, 0x00, 0x00, 0x00, 0x00, 0x00, 0x00, 0x00, 0x00, 0x00, 0x00,
    0x00, 0x00, 0x00, 0x00, 0x06, 0x05, 0x02, 0x0b, 0x3d, 0x31, 0x18, 0xe6, 0x14, 0x10, 0x06, 0xff,
    0x13, 0x0f, 0x06, 0xff, 0x67, 0x5e, 0x55, 0xff, 0x24, 0x21, 0x1f, 0xff, 0x07, 0x04, 0x01, 0xff,
    0x0d, 0x09, 0x01, 0xff, 0x2f, 0x28, 0x08, 0xff, 0x5f, 0x57, 0x13, 0xff, 0x5c, 0x55, 0x14, 0xff,
    0x1f, 0x19, 0x03, 0xff, 0x0b, 0x07, 0x01, 0xff, 0x05, 0x02, 0x01, 0xff, 0x03, 0x01, 0x01, 0xff,
    0x04, 0x02, 0x01, 0xff, 0x07, 0x04, 0x01, 0xff, 0x0c, 0x09, 0x01, 0xff, 0x21, 0x1b, 0x03, 0xff,
    0x5e, 0x57, 0x16, 0xff, 0x5f, 0x59, 0x15, 0xff, 0x30, 0x29, 0x09, 0xff, 0x0d, 0x09, 0x01, 0xff,
    0x07, 0x05, 0x02, 0xff, 0x2c, 0x2a, 0x28, 0xff, 0x5b, 0x57, 0x52, 0xff, 0x13, 0x0f, 0x09, 0xff,
    0x16, 0x12, 0x09, 0xff, 0x3d, 0x33, 0x1c, 0xe8, 0x07, 0x05, 0x03, 0x0b, 0x00, 0x00, 0x00, 0x00,
    0x00, 0x00, 0x00, 0x00, 0x00, 0x00, 0x00, 0x00, 0x00, 0x00, 0x00, 0x00, 0x00, 0x00, 0x00, 0x00,
    0x00, 0x00, 0x00, 0x00, 0x00, 0x00, 0x00, 0x00, 0x00, 0x00, 0x00, 0x00, 0x00, 0x00, 0x00, 0x00,
    0x00, 0x00, 0x00, 0x00, 0x00, 0x00, 0x00, 0x00, 0x0b, 0x09, 0x04, 0x1e, 0x1d, 0x17, 0x0a, 0x66,
    0x3b, 0x2f, 0x16, 0xf9, 0x63, 0x56, 0x45, 0xff, 0x5b, 0x56, 0x53, 0xff, 0x29, 0x26, 0x24, 0xff,
    0x09, 0x06, 0x03, 0xff, 0x09, 0x06, 0x01, 0xff, 0x0c, 0x08, 0x01, 0xff, 0x0c, 0x08, 0x01, 0xff,
    0x08, 0x05, 0x01, 0xff, 0x06, 0x03, 0x01, 0xff, 0x04, 0x02, 0x01, 0xff, 0x03, 0x01, 0x01, 0xff,
    0x04, 0x01, 0x01, 0xff, 0x04, 0x02, 0x01, 0xff, 0x06, 0x04, 0x01, 0xff, 0x09, 0x06, 0x01, 0xff,
    0x0c, 0x08, 0x01, 0xff, 0x0b, 0x08, 0x01, 0xff, 0x09, 0x06, 0x01, 0xff, 0x09, 0x07, 0x04, 0xff,
    0x30, 0x2f, 0x2d, 0xff, 0x65, 0x62, 0x60, 0xff, 0x4d, 0x44, 0x39, 0xff, 0x3e, 0x32, 0x1d, 0xf9,
    0x20, 0x1a, 0x0d, 0x67, 0x0c, 0x0a, 0x05, 0x1e, 0x00, 0x00, 0x00, 0x00, 0x00, 0x00, 0x00, 0x00,
    0x00, 0x00, 0x00, 0x00, 0x00, 0x00, 0x00, 0x00, 0x00, 0x00, 0x00, 0x00, 0x00, 0x00, 0x00, 0x00,
    0x00, 0x00, 0x00, 0x00, 0x00, 0x00, 0x00, 0x00, 0x00, 0x00, 0x00, 0x00, 0x00, 0x00, 0x00, 0x00,
    0x00, 0x00, 0x00, 0x00, 0x00, 0x00, 0x00, 0x00, 0x00, 0x00, 0x00, 0x00, 0x00, 0x00, 0x00, 0x00,
    0x2a, 0x21, 0x11, 0x7f, 0x7a, 0x67, 0x4d, 0xff, 0x40, 0x39, 0x30, 0xff, 0x46, 0x43, 0x40, 0xff,
    0x50, 0x4d, 0x4d, 0xff, 0x45, 0x42, 0x40, 0xff, 0x2b, 0x27, 0x25, 0xff, 0x0b, 0x09, 0x06, 0xff,
    0x06, 0x05, 0x02, 0xff, 0x07, 0x05, 0x03, 0xff, 0x06, 0x04, 0x02, 0xff, 0x05, 0x03, 0x02, 0xff,
    0x05, 0x03, 0x02, 0xff, 0x06, 0x04, 0x03, 0xff, 0x07, 0x05, 0x03, 0xff, 0x08, 0x06, 0x04, 0xff,
    0x0c, 0x0a, 0x08, 0xff, 0x31, 0x2e, 0x2c, 0xff, 0x53, 0x50, 0x4f, 0xff, 0x5c, 0x59, 0x59, 0xff,
    0x4c, 0x49, 0x48, 0xff, 0x38, 0x32, 0x2d, 0xff, 0x6c, 0x5d, 0x49, 0xff, 0x2c, 0x23, 0x14, 0x80,
    0x00, 0x00, 0x00, 0x00, 0x00, 0x00, 0x00, 0x00, 0x00, 0x00, 0x00, 0x00, 0x00, 0x00, 0x00, 0x00,
    0x00, 0x00, 0x00, 0x00, 0x00, 0x00, 0x00, 0x00, 0x00, 0x00, 0x00, 0x00, 0x00, 0x00, 0x00, 0x00,
    0x00, 0x00, 0x00, 0x00, 0x00, 0x00, 0x00, 0x00, 0x00, 0x00, 0x00, 0x00, 0x00, 0x00, 0x00, 0x00,
    0x00, 0x00, 0x00, 0x00, 0x00, 0x00, 0x00, 0x00, 0x00, 0x00, 0x00, 0x00, 0x00, 0x00, 0x00, 0x00,
    0x02, 0x02, 0x01, 0x03, 0x77, 0x62, 0x44, 0xc8, 0x50, 0x44, 0x32, 0xff, 0x35, 0x30, 0x29, 0xff,
    0x36, 0x32, 0x2f, 0xff, 0x3e, 0x3b, 0x3b, 0xff, 0x65, 0x62, 0x63, 0xff, 0x77, 0x75, 0x75, 0xff,
    0x2c, 0x29, 0x28, 0xff, 0x30, 0x2f, 0x2e, 0xff, 0x33, 0x32, 0x32, 0xff, 0x36, 0x35, 0x34, 0xff,
    0x39, 0x38, 0x37, 0xff, 0x38, 0x37, 0x37, 0xff, 0x37, 0x35, 0x35, 0xff, 0x32, 0x30, 0x2f, 0xff,
    0x6e, 0x6c, 0x6c, 0xff, 0x6d, 0x6b, 0x6c, 0xff, 0x42, 0x40, 0x41, 0xff, 0x36, 0x33, 0x32, 0xff,
    0x32, 0x2d, 0x2a, 0xff, 0x48, 0x3f, 0x31, 0xff, 0x7b, 0x68, 0x4c, 0xcc, 0x03, 0x02, 0x02, 0x04,
    0x00, 0x00, 0x00, 0x00, 0x00, 0x00, 0x00, 0x00, 0x00, 0x00, 0x00, 0x00, 0x00, 0x00, 0x00, 0x00,
    0x00, 0x00, 0x00, 0x00, 0x00, 0x00, 0x00, 0x00, 0x00, 0x00, 0x00, 0x00, 0x00, 0x00, 0x00, 0x00,
    0x00, 0x00, 0x00, 0x00, 0x00, 0x00, 0x00, 0x00, 0x00, 0x00, 0x00, 0x00, 0x00, 0x00, 0x00, 0x00,
    0x00, 0x00, 0x00, 0x00, 0x00, 0x00, 0x00, 0x00, 0x00, 0x00, 0x00, 0x00, 0x00, 0x00, 0x00, 0x00,
    0x00, 0x00, 0x00, 0x00, 0x12, 0x0f, 0x0a, 0x1b, 0x66, 0x53, 0x37, 0xd6, 0x42, 0x38, 0x28, 0xff,
    0x32, 0x2d, 0x26, 0xff, 0x37, 0x33, 0x30, 0xff, 0x3f, 0x3c, 0x3c, 0xff, 0x55, 0x53, 0x54, 0xff,
    0x22, 0x20, 0x1e, 0xff, 0x2d, 0x2a, 0x28, 0xff, 0x31, 0x2e, 0x2c, 0xff, 0x33, 0x2f, 0x2e, 0xff,
    0x34, 0x30, 0x2f, 0xff, 0x33, 0x2f, 0x2e, 0xff, 0x30, 0x2c, 0x2a, 0xff, 0x26, 0x24, 0x23, 0xff,
    0x57, 0x55, 0x56, 0xff, 0x40, 0x3d, 0x3d, 0xff, 0x37, 0x33, 0x32, 0xff, 0x31, 0x2c, 0x28, 0xff,
    0x3f, 0x36, 0x2a, 0xff, 0x68, 0x57, 0x3d, 0xd9, 0x15, 0x11, 0x0c, 0x1e, 0x00, 0x00, 0x00, 0x00,
    0x00, 0x00, 0x00, 0x00, 0x00, 0x00, 0x00, 0x00, 0x00, 0x00, 0x00, 0x00, 0x00, 0x00, 0x00, 0x00,
    0x00, 0x00, 0x00, 0x00, 0x00, 0x00, 0x00, 0x00, 0x00, 0x00, 0x00, 0x00, 0x00, 0x00, 0x00, 0x00,
    0x00, 0x00, 0x00, 0x00, 0x00, 0x00, 0x00, 0x00, 0x00, 0x00, 0x00, 0x00, 0x00, 0x00, 0x00, 0x00,
    0x00, 0x00, 0x00, 0x00, 0x00, 0x00, 0x00, 0x00, 0x00, 0x00, 0x00, 0x00, 0x00, 0x00, 0x00, 0x00,
    0x00, 0x00, 0x00, 0x00, 0x00, 0x00, 0x00, 0x00, 0x07, 0x06, 0x04, 0x0d, 0x3a, 0x2f, 0x1d, 0x93,
    0x45, 0x3a, 0x26, 0xfa, 0x35, 0x2f, 0x26, 0xff, 0x37, 0x33, 0x2f, 0xff, 0x3e, 0x3b, 0x39, 0xff,
    0x2b, 0x28, 0x26, 0xff, 0x23, 0x1f, 0x1a, 0xff, 0x26, 0x22, 0x1e, 0xff, 0x27, 0x23, 0x1f, 0xff,
    0x27, 0x22, 0x1f, 0xff, 0x26, 0x22, 0x1e, 0xff, 0x23, 0x1f, 0x1c, 0xff, 0x2d, 0x2a, 0x29, 0xff,
    0x3c, 0x39, 0x38, 0xff, 0x34, 0x30, 0x2e, 0xff, 0x32, 0x2d, 0x27, 0xff, 0x41, 0x38, 0x29, 0xfb,
    0x3c, 0x33, 0x21, 0x96, 0x08, 0x07, 0x05, 0x0f, 0x00, 0x00, 0x00, 0x00, 0x00, 0x00, 0x00, 0x00,
    0x00, 0x00, 0x00, 0x00, 0x00, 0x00, 0x00, 0x00, 0x00, 0x00, 0x00, 0x00, 0x00, 0x00, 0x00, 0x00,
    0x00, 0x00, 0x00, 0x00, 0x00, 0x00, 0x00, 0x00, 0x00, 0x00, 0x00, 0x00, 0x00, 0x00, 0x00, 0x00,
    0x00, 0x00, 0x00, 0x00, 0x00, 0x00, 0x00, 0x00, 0x00, 0x00, 0x00, 0x00, 0x00, 0x00, 0x00, 0x00,
    0x00, 0x00, 0x00, 0x00, 0x00, 0x00, 0x00, 0x00, 0x00, 0x00, 0x00, 0x00, 0x00, 0x00, 0x00, 0x00,
    0x00, 0x00, 0x00, 0x00, 0x00, 0x00, 0x00, 0x00, 0x00, 0x00, 0x00, 0x00, 0x00, 0x00, 0x00, 0x00,
    0x22, 0x1b, 0x11, 0x56, 0x37, 0x2d, 0x1a, 0xff, 0x2e, 0x29, 0x20, 0xff, 0x36, 0x32, 0x2b, 0xff,
    0x30, 0x2c, 0x27, 0xff, 0x24, 0x1f, 0x13, 0xff, 0x28, 0x22, 0x15, 0xff, 0x2a, 0x24, 0x16, 0xff,
    0x29, 0x22, 0x15, 0xff, 0x27, 0x21, 0x16, 0xff, 0x24, 0x1f, 0x15, 0xff, 0x2f, 0x2b, 0x28, 0xff,
    0x33, 0x30, 0x2c, 0xff, 0x2c, 0x27, 0x21, 0xff, 0x38, 0x2f, 0x1f, 0xff, 0x24, 0x1e, 0x15, 0x58,
    0x00, 0x00, 0x00, 0x00, 0x00, 0x00, 0x00, 0x00, 0x00, 0x00, 0x00, 0x00, 0x00, 0x00, 0x00, 0x00,
    0x00, 0x00, 0x00, 0x00, 0x00, 0x00, 0x00, 0x00, 0x00, 0x00, 0x00, 0x00, 0x00, 0x00, 0x00, 0x00,
    0x00, 0x00, 0x00, 0x00, 0x00, 0x00, 0x00, 0x00, 0x00, 0x00, 0x00, 0x00, 0x00, 0x00, 0x00, 0x00,
    0x00, 0x00, 0x00, 0x00, 0x00, 0x00, 0x00, 0x00, 0x00, 0x00, 0x00, 0x00, 0x00, 0x00, 0x00, 0x00,
    0x00, 0x00, 0x00, 0x00, 0x00, 0x00, 0x00, 0x00, 0x00, 0x00, 0x00, 0x00, 0x00, 0x00, 0x00, 0x00,
    0x00, 0x00, 0x00, 0x00, 0x00, 0x00, 0x00, 0x00, 0x00, 0x00, 0x00, 0x00, 0x00, 0x00, 0x00, 0x00,
    0x71, 0x5d, 0x40, 0xc0, 0x2b, 0x22, 0x11, 0xff, 0x07, 0x06, 0x03, 0xff, 0x09, 0x08, 0x07, 0xff,
    0x14, 0x12, 0x0d, 0xff, 0x18, 0x14, 0x0a, 0xff, 0x28, 0x21, 0x0f, 0xff, 0x36, 0x2d, 0x12, 0xff,
    0x35, 0x2d, 0x11, 0xff, 0x27, 0x21, 0x0f, 0xff, 0x16, 0x13, 0x0a, 0xff, 0x14, 0x12, 0x0f, 0xff,
    0x08, 0x08, 0x08, 0xff, 0x07, 0x06, 0x03, 0xff, 0x2a, 0x22, 0x14, 0xff, 0x6b, 0x59, 0x41, 0xbf,
    0x00, 0x00, 0x00, 0x00, 0x00, 0x00, 0x00, 0x00, 0x00, 0x00, 0x00, 0x00, 0x00, 0x00, 0x00, 0x00,
    0x00, 0x00, 0x00, 0x00, 0x00, 0x00, 0x00, 0x00, 0x00, 0x00, 0x00, 0x00, 0x00, 0x00, 0x00, 0x00,
    0x00, 0x00, 0x00, 0x00, 0x00, 0x00, 0x00, 0x00, 0x00, 0x00, 0x00, 0x00, 0x00, 0x00, 0x00, 0x00,
    0x00, 0x00, 0x00, 0x00, 0x00, 0x00, 0x00, 0x00, 0x00, 0x00, 0x00, 0x00, 0x00, 0x00, 0x00, 0x00,
    0x00, 0x00, 0x00, 0x00, 0x00, 0x00, 0x00, 0x00, 0x00, 0x00, 0x00, 0x00, 0x00, 0x00, 0x00, 0x00,
    0x00, 0x00, 0x00, 0x00, 0x00, 0x00, 0x00, 0x00, 0x06, 0x05, 0x04, 0x0a, 0x70, 0x5f, 0x4b, 0x9b,
    0x55, 0x46, 0x2f, 0xfe, 0x21, 0x1d, 0x13, 0xff, 0x16, 0x16, 0x16, 0xff, 0x14, 0x13, 0x13, 0xff,
    0x10, 0x0f, 0x0f, 0xff, 0x09, 0x09, 0x08, 0xff, 0x05, 0x04, 0x02, 0xff, 0x07, 0x05, 0x03, 0xff,
    0x07, 0x05, 0x03, 0xff, 0x05, 0x04, 0x02, 0xff, 0x0a, 0x0a, 0x09, 0xff, 0x10, 0x10, 0x10, 0xff,
    0x15, 0x15, 0x15, 0xff, 0x16, 0x16, 0x16, 0xff, 0x1b, 0x18, 0x12, 0xff, 0x4c, 0x40, 0x2f, 0xfe,
    0x6e, 0x5f, 0x50, 0x9a, 0x06, 0x05, 0x04, 0x09, 0x00, 0x00, 0x00, 0x00, 0x00, 0x00, 0x00, 0x00,
    0x00, 0x00, 0x00, 0x00, 0x00, 0x00, 0x00, 0x00, 0x00, 0x00, 0x00, 0x00, 0x00, 0x00, 0x00, 0x00,
    0x00, 0x00, 0x00, 0x00, 0x00, 0x00, 0x00, 0x00, 0x00, 0x00, 0x00, 0x00, 0x00, 0x00, 0x00, 0x00,
    0x00, 0x00, 0x00, 0x00, 0x00, 0x00, 0x00, 0x00, 0x00, 0x00, 0x00, 0x00, 0x00, 0x00, 0x00, 0x00,
    0x00, 0x00, 0x00, 0x00, 0x00, 0x00, 0x00, 0x00, 0x00, 0x00, 0x00, 0x00, 0x00, 0x00, 0x00, 0x00,
    0x00, 0x00, 0x00, 0x00, 0x00, 0x00, 0x00, 0x00, 0x76, 0x63, 0x4c, 0xb2, 0x64, 0x54, 0x40, 0xff,
    0x3b, 0x36, 0x2e, 0xff, 0x2e, 0x2d, 0x2e, 0xff, 0x1a, 0x5e, 0x87, 0xff, 0x1c, 0x40, 0x55, 0xff,
    0x3b, 0x39, 0x38, 0xff, 0x31, 0x30, 0x2f, 0xff, 0x15, 0x14, 0x11, 0xff, 0x1a, 0x19, 0x16, 0xff,
    0x1d, 0x1b, 0x18, 0xff, 0x17, 0x15, 0x12, 0xff, 0x33, 0x31, 0x30, 0xff, 0x3d, 0x3b, 0x3a, 0xff,
    0x1c, 0x43, 0x5a, 0xff, 0x18, 0x5b, 0x84, 0xff, 0x2a, 0x29, 0x2a, 0xff, 0x35, 0x30, 0x2b, 0xff,
    0x57, 0x4b, 0x3c, 0xff, 0x73, 0x63, 0x4f, 0xb1, 0x00, 0x00, 0x00, 0x00, 0x00, 0x00, 0x00, 0x00,
    0x00, 0x00, 0x00, 0x00, 0x00, 0x00, 0x00, 0x00, 0x00, 0x00, 0x00, 0x00, 0x00, 0x00, 0x00, 0x00,
    0x00, 0x00, 0x00, 0x00, 0x00, 0x00, 0x00, 0x00, 0x00, 0x00, 0x00, 0x00, 0x00, 0x00, 0x00, 0x00,
    0x00, 0x00, 0x00, 0x00, 0x00, 0x00, 0x00, 0x00, 0x00, 0x00, 0x00, 0x00, 0x00, 0x00, 0x00, 0x00,
    0x00, 0x00, 0x00, 0x00, 0x00, 0x00, 0x00, 0x00, 0x00, 0x00, 0x00, 0x00, 0x00, 0x00, 0x00, 0x00,
    0x00, 0x00, 0x00, 0x00, 0x00, 0x00, 0x00, 0x00, 0x4f, 0x40, 0x29, 0xcd, 0x39, 0x33, 0x2c, 0xff,
    0x44, 0x41, 0x40, 0xff, 0x5e, 0x5d, 0x5d, 0xff, 0x7e, 0x7e, 0x82, 0xff, 0x4b, 0x4b, 0x4b, 0xff,
    0x30, 0x2c, 0x1c, 0xff, 0x48, 0x43, 0x33, 0xff, 0x5d, 0x57, 0x48, 0xff, 0x71, 0x6a, 0x5d, 0xff,
    0x77, 0x70, 0x61, 0xff, 0x67, 0x60, 0x51, 0xff, 0x4e, 0x48, 0x39, 0xff, 0x32, 0x2e, 0x1f, 0xff,
    0x4f, 0x50, 0x51, 0xff, 0x78, 0x77, 0x7b, 0xff, 0x54, 0x52, 0x52, 0xff, 0x3e, 0x3b, 0x39, 0xff,
    0x31, 0x2d, 0x27, 0xff, 0x47, 0x3b, 0x29, 0xce, 0x00, 0x00, 0x00, 0x00, 0x00, 0x00, 0x00, 0x00,
    0x00, 0x00, 0x00, 0x00, 0x00, 0x00, 0x00, 0x00, 0x00, 0x00, 0x00, 0x00, 0x00, 0x00, 0x00, 0x00,
    0x00, 0x00, 0x00, 0x00, 0x00, 0x00, 0x00, 0x00, 0x00, 0x00, 0x00, 0x00, 0x00, 0x00, 0x00, 0x00,
    0x00, 0x00, 0x00, 0x00, 0x00, 0x00, 0x00, 0x00, 0x00, 0x00, 0x00, 0x00, 0x00, 0x00, 0x00, 0x00,
    0x00, 0x00, 0x00, 0x00, 0x00, 0x00, 0x00, 0x00, 0x00, 0x00, 0x00, 0x00, 0x00, 0x00, 0x00, 0x00,
    0x00, 0x00, 0x00, 0x00, 0x00, 0x00, 0x00, 0x00, 0x04, 0x03, 0x01, 0x14, 0x11, 0x0f, 0x0a, 0x85,
    0x1f, 0x1d, 0x1a, 0xd9, 0x35, 0x32, 0x31, 0xfe, 0x58, 0x56, 0x56, 0xff, 0x26, 0x23, 0x14, 0xff,
    0x90, 0x88, 0x1d, 0xff, 0xb2, 0xaa, 0x38, 0xff, 0xbe, 0xb4, 0x44, 0xff, 0xc1, 0xb8, 0x4d, 0xff,
    0xc4, 0xba, 0x4e, 0xff, 0xbe, 0xb4, 0x45, 0xff, 0xb2, 0xa9, 0x37, 0xff, 0x8e, 0x86, 0x1e, 0xff,
    0x29, 0x26, 0x1a, 0xff, 0x56, 0x54, 0x54, 0xff, 0x32, 0x30, 0x2e, 0xfe, 0x1c, 0x1a, 0x17, 0xdb,
    0x0e, 0x0d, 0x0a, 0x86, 0x03, 0x03, 0x02, 0x15, 0x00, 0x00, 0x00, 0x00, 0x00, 0x00, 0x00, 0x00,
    0x00, 0x00, 0x00, 0x00, 0x00, 0x00, 0x00, 0x00, 0x00, 0x00, 0x00, 0x00, 0x00, 0x00, 0x00, 0x00,
    0x00, 0x00, 0x00, 0x00, 0x00, 0x00, 0x00, 0x00, 0x00, 0x00, 0x00, 0x00, 0x00, 0x00, 0x00, 0x00,
    0x00, 0x00, 0x00, 0x00, 0x00, 0x00, 0x00, 0x00, 0x00, 0x00, 0x00, 0x00, 0x00, 0x00, 0x00, 0x00,
    0x00, 0x00, 0x00, 0x00, 0x00, 0x00, 0x00, 0x00, 0x00, 0x00, 0x00, 0x00, 0x00, 0x00, 0x00, 0x00,
    0x00, 0x00, 0x00, 0x00, 0x00, 0x00, 0x00, 0x00, 0x00, 0x00, 0x00, 0x00, 0x00, 0x00, 0x00, 0x00,
    0x00, 0x00, 0x00, 0x00, 0x03, 0x02, 0x02, 0x1a, 0x0a, 0x09, 0x08, 0x49, 0x06, 0x05, 0x03, 0x60,
    0x10, 0x0e, 0x07, 0x79, 0x1e, 0x1a, 0x0c, 0x93, 0x2c, 0x27, 0x13, 0xa3, 0x38, 0x32, 0x1a, 0xad,
    0x39, 0x33, 0x1a, 0xab, 0x2d, 0x27, 0x14, 0xa1, 0x1d, 0x1a, 0x0d, 0x91, 0x10, 0x0e, 0x08, 0x79,
    0x06, 0x05, 0x04, 0x60, 0x09, 0x09, 0x08, 0x48, 0x03, 0x02, 0x02, 0x1a, 0x00, 0x00, 0x00, 0x01,
    0x00, 0x00, 0x00, 0x00, 0x00, 0x00, 0x00, 0x00, 0x00, 0x00, 0x00, 0x00, 0x00, 0x00, 0x00, 0x00,
    0x00, 0x00, 0x00, 0x00, 0x00, 0x00, 0x00, 0x00, 0x00, 0x00, 0x00, 0x00, 0x00, 0x00, 0x00, 0x00,
    0x00, 0x00, 0x00, 0x00, 0x00, 0x00, 0x00, 0x00, 0x00, 0x00, 0x00, 0x00, 0x00, 0x00, 0x00, 0x00,
    0x00, 0x00, 0x00, 0x00, 0x00, 0x00, 0x00, 0x00, 0x00, 0x00, 0x00, 0x00, 0x00, 0x00, 0x00, 0x00,
    0x00, 0x00, 0x00, 0x00, 0x00, 0x00, 0x00, 0x00, 0x00, 0x00, 0x00, 0x00, 0x00, 0x00, 0x00, 0x00,
    0x00, 0x00, 0x00, 0x00, 0x00, 0x00, 0x00, 0x00, 0x00, 0x00, 0x00, 0x00, 0x00, 0x00, 0x00, 0x00,
    0x00, 0x00, 0x00, 0x00, 0x00, 0x00, 0x00, 0x00, 0x00, 0x00, 0x00, 0x00, 0x00, 0x00, 0x00, 0x00,
    0x00, 0x00, 0x00, 0x00, 0x00, 0x00, 0x00, 0x00, 0x00, 0x00, 0x00, 0x00, 0x00, 0x00, 0x00, 0x00,
    0x00, 0x00, 0x00, 0x00, 0x00, 0x00, 0x00, 0x00, 0x00, 0x00, 0x00, 0x00, 0x00, 0x00, 0x00, 0x00,
    0x00, 0x00, 0x00, 0x00, 0x00, 0x00, 0x00, 0x00, 0x00, 0x00, 0x00, 0x00, 0x00, 0x00, 0x00, 0x00,
    0x00, 0x00, 0x00, 0x00, 0x00, 0x00, 0x00, 0x00, 0x00, 0x00, 0x00, 0x00, 0x00, 0x00, 0x00, 0x00,
    0x00, 0x00, 0x00, 0x00, 0x00, 0x00, 0x00, 0x00, 0x00, 0x00, 0x00, 0x00, 0x00, 0x00, 0x00, 0x00,
    0x00, 0x00, 0x00, 0x00, 0x00, 0x00, 0x00, 0x00, 0x00, 0x00, 0x00, 0x00, 0x00, 0x00, 0x00, 0x00,
    0x00, 0x00, 0x00, 0x00, 0x00, 0x00, 0x00, 0x00, 0x00, 0x00, 0x00, 0x00, 0x00, 0x00, 0x00, 0x00,
    0x00, 0x00, 0x00, 0x00, 0x00, 0x00, 0x00, 0x00, 0x00, 0x00, 0x00, 0x00, 0x00, 0x00, 0x00, 0x00,
    0x00, 0x00, 0x00, 0x00, 0x00, 0x00, 0x00, 0x00, 0x00, 0x00, 0x00, 0x00, 0x00, 0x00, 0x00, 0x00,
    0x00, 0x00, 0x00, 0x00, 0x00, 0x00, 0x00, 0x00, 0x00, 0x00, 0x00, 0x00, 0x00, 0x00, 0x00, 0x00,
    0x00, 0x00, 0x00, 0x00, 0x00, 0x00, 0x00, 0x00, 0x00, 0x00, 0x00, 0x00, 0x00, 0x00, 0x00, 0x00,
    0x00, 0x00, 0x00, 0x00, 0x00, 0x00, 0x00, 0x00, 0x00, 0x00, 0x00, 0x00, 0x00, 0x00, 0x00, 0x00,
    0x00, 0x00, 0x00, 0x00, 0x00, 0x00, 0x00, 0x00, 0x00, 0x00, 0x00, 0x00, 0x00, 0x00, 0x00, 0x00,
    0x00, 0x00, 0x00, 0x00, 0x00, 0x00, 0x00, 0x00, 0x00, 0x00, 0x00, 0x00, 0x00, 0x00, 0x00, 0x00,
    0x00, 0x00, 0x00, 0x00, 0x00, 0x00, 0x00, 0x00, 0x00, 0x00, 0x00, 0x00, 0x00, 0x00, 0x00, 0x00,
    0x00, 0x00, 0x00, 0x00, 0x00, 0x00, 0x00, 0x00, 0x00, 0x00, 0x00, 0x00, 0x00, 0x00, 0x00, 0x00,
};

inline constexpr unsigned char kLogoBgra60[] = {
    0x00, 0x00, 0x00, 0x00, 0x00, 0x00, 0x00, 0x00, 0x00, 0x00, 0x00, 0x00, 0x00, 0x00, 0x00, 0x00,
    0x00, 0x00, 0x00, 0x00, 0x00, 0x00, 0x00, 0x00, 0x00, 0x00, 0x00, 0x00, 0x00, 0x00, 0x00, 0x00,
    0x00, 0x00, 0x00, 0x00, 0x00, 0x00, 0x00, 0x00, 0x00, 0x00, 0x00, 0x00, 0x00, 0x00, 0x00, 0x00,
    0x00, 0x00, 0x00, 0x00, 0x00, 0x00, 0x00, 0x00, 0x00, 0x00, 0x00, 0x00, 0x00, 0x00, 0x00, 0x00,
    0x00, 0x00, 0x00, 0x00, 0x00, 0x00, 0x00, 0x00, 0x00, 0x00, 0x00, 0x00, 0x00, 0x00, 0x00, 0x00,
    0x00, 0x00, 0x00, 0x00, 0x00, 0x00, 0x00, 0x00, 0x00, 0x00, 0x00, 0x00, 0x00, 0x00, 0x00, 0x00,
    0x00, 0x00, 0x00, 0x00, 0x00, 0x00, 0x00, 0x00, 0x00, 0x00, 0x00, 0x00, 0x00, 0x00, 0x00, 0x00,
    0x00, 0x00, 0x00, 0x00, 0x00, 0x00, 0x00, 0x00, 0x00, 0x00, 0x00, 0x00, 0x00, 0x00, 0x00, 0x00,
    0x00, 0x00, 0x00, 0x00, 0x00, 0x00, 0x00, 0x00, 0x00, 0x00, 0x00, 0x00, 0x00, 0x00, 0x00, 0x00,
    0x00, 0x00, 0x00, 0x00, 0x00, 0x00, 0x00, 0x00, 0x00, 0x00, 0x00, 0x00, 0x00, 0x00, 0x00, 0x00,
    0x00, 0x00, 0x00, 0x00, 0x00, 0x00, 0x00, 0x00, 0x00, 0x00, 0x00, 0x00, 0x00, 0x00, 0x00, 0x00,
    0x00, 0x00, 0x00, 0x00, 0x00, 0x00, 0x00, 0x00, 0x00, 0x00, 0x00, 0x00, 0x00, 0x00, 0x00, 0x00,
    0x00, 0x00, 0x00, 0x00, 0x00, 0x00, 0x00, 0x00, 0x00, 0x00, 0x00, 0x00, 0x00, 0x00, 0x00, 0x00,
    0x00, 0x00, 0x00, 0x00, 0x00, 0x00, 0x00, 0x00, 0x00, 0x00, 0x00, 0x00, 0x00, 0x00, 0x00, 0x00,
    0x00, 0x00, 0x00, 0x00, 0x00, 0x00, 0x00, 0x00, 0x00, 0x00, 0x00, 0x00, 0x00, 0x00, 0x00, 0x00,
    0x00, 0x00, 0x00, 0x00, 0x00, 0x00, 0x00, 0x00, 0x00, 0x00, 0x00, 0x00, 0x00, 0x00, 0x00, 0x00,
    0x00, 0x00, 0x00, 0x00, 0x00, 0x00, 0x00, 0x00, 0x00, 0x00, 0x00, 0x00, 0x00, 0x00, 0x00, 0x00,
    0x00, 0x00, 0x00, 0x00, 0x00, 0x00, 0x00, 0x00, 0x00, 0x00, 0x00, 0x00, 0x00, 0x00, 0x00, 0x00,
    0x00, 0x00, 0x00, 0x00, 0x00, 0x00, 0x00, 0x00, 0x00, 0x00, 0x00, 0x00, 0x00, 0x00, 0x00, 0x00,
    0x00, 0x00, 0x00, 0x00, 0x00, 0x00, 0x00, 0x00, 0x00, 0x00, 0x00, 0x00, 0x00, 0x00, 0x00, 0x00,
    0x00, 0x00, 0x00, 0x00, 0x00, 0x00, 0x00, 0x00, 0x00, 0x00, 0x00, 0x00, 0x00, 0x00, 0x00, 0x00,
    0x00, 0x00, 0x00, 0x00, 0x00, 0x00, 0x00, 0x00, 0x00, 0x00, 0x00, 0x00, 0x00, 0x00, 0x00, 0x00,
    0x00, 0x00, 0x00, 0x00, 0x00, 0x00, 0x00, 0x00, 0x00, 0x00, 0x00, 0x00, 0x00, 0x00, 0x00, 0x00,
    0x00, 0x00, 0x00, 0x00, 0x00, 0x00, 0x00, 0x00, 0x00, 0x00, 0x00, 0x00, 0x00, 0x00, 0x00, 0x00,
    0x00, 0x00, 0x00, 0x00, 0x00, 0x00, 0x00, 0x00, 0x00, 0x00, 0x00, 0x00, 0x00, 0x00, 0x00, 0x00,
    0x00, 0x00, 0x00, 0x00, 0x00, 0x00, 0x00, 0x00, 0x00, 0x00, 0x00, 0x00, 0x00, 0x00, 0x00, 0x00,
    0x00, 0x00, 0x00, 0x00, 0x00, 0x00, 0x00, 0x00, 0x00, 0x00, 0x00, 0x00, 0x00, 0x00, 0x00, 0x00,
    0x00, 0x00, 0x00, 0x00, 0x00, 0x00, 0x00, 0x00, 0x00, 0x00, 0x00, 0x00, 0x00, 0x00, 0x00, 0x00,
    0x00, 0x00, 0x00, 0x00, 0x00, 0x00, 0x00, 0x00, 0x00, 0x00, 0x00, 0x00, 0x00, 0x00, 0x00, 0x00,
    0x00, 0x00, 0x00, 0x00, 0x00, 0x00, 0x00, 0x00, 0x00, 0x00, 0x00, 0x00, 0x00, 0x00, 0x00, 0x00,
    0x00, 0x00, 0x00, 0x00, 0x00, 0x00, 0x00, 0x00, 0x00, 0x00, 0x00, 0x00, 0x00, 0x00, 0x00, 0x00,
    0x00, 0x00, 0x00, 0x00, 0x00, 0x00, 0x00, 0x00, 0x00, 0x00, 0x00, 0x00, 0x00, 0x00, 0x00, 0x00,
    0x00, 0x00, 0x00, 0x00, 0x00, 0x00, 0x00, 0x00, 0x00, 0x00, 0x00, 0x00, 0x00, 0x00, 0x00, 0x00,
    0x00, 0x00, 0x00, 0x00, 0x00, 0x00, 0x00, 0x00, 0x00, 0x00, 0x00, 0x00, 0x00, 0x00, 0x00, 0x00,
    0x00, 0x00, 0x00, 0x00, 0x00, 0x00, 0x00, 0x00, 0x00, 0x00, 0x00, 0x00, 0x00, 0x00, 0x00, 0x00,
    0x00, 0x00, 0x00, 0x00, 0x00, 0x00, 0x00, 0x00, 0x00, 0x00, 0x00, 0x00, 0x00, 0x00, 0x00, 0x00,
    0x00, 0x00, 0x00, 0x00, 0x00, 0x00, 0x00, 0x00, 0x00, 0x00, 0x00, 0x00, 0x00, 0x00, 0x00, 0x00,
    0x00, 0x00, 0x00, 0x00, 0x00, 0x00, 0x00, 0x00, 0x00, 0x00, 0x00, 0x00, 0x00, 0x00, 0x00, 0x00,
    0x00, 0x00, 0x00, 0x00, 0x00, 0x00, 0x00, 0x00, 0x00, 0x00, 0x00, 0x00, 0x00, 0x00, 0x00, 0x00,
    0x00, 0x00, 0x00, 0x00, 0x00, 0x00, 0x00, 0x00, 0x00, 0x00, 0x00, 0x00, 0x00, 0x00, 0x00, 0x00,
    0x00, 0x00, 0x00, 0x00, 0x00, 0x00, 0x00, 0x00, 0x00, 0x00, 0x00, 0x00, 0x00, 0x00, 0x00, 0x00,
    0x00, 0x00, 0x00, 0x00, 0x00, 0x00, 0x00, 0x00, 0x00, 0x00, 0x00, 0x00, 0x00, 0x00, 0x00, 0x00,
    0x00, 0x00, 0x00, 0x00, 0x00, 0x00, 0x00, 0x00, 0x00, 0x00, 0x00, 0x00, 0x00, 0x00, 0x00, 0x00,
    0x00, 0x00, 0x00, 0x00, 0x00, 0x00, 0x00, 0x00, 0x00, 0x00, 0x00, 0x00, 0x00, 0x00, 0x00, 0x00,
    0x00, 0x00, 0x00, 0x00, 0x00, 0x00, 0x00, 0x00, 0x00, 0x00, 0x00, 0x00, 0x00, 0x00, 0x00, 0x00,
    0x00, 0x00, 0x00, 0x00, 0x00, 0x00, 0x00, 0x00, 0x00, 0x00, 0x00, 0x00, 0x00, 0x00, 0x00, 0x00,
    0x00, 0x00, 0x00, 0x00, 0x00, 0x00, 0x00, 0x00, 0x00, 0x00, 0x00, 0x00, 0x00, 0x00, 0x00, 0x00,
    0x00, 0x00, 0x00, 0x00, 0x00, 0x00, 0x00, 0x00, 0x00, 0x00, 0x00, 0x00, 0x00, 0x00, 0x00, 0x00,
    0x00, 0x00, 0x00, 0x00, 0x00, 0x00, 0x00, 0x00, 0x00, 0x00, 0x00, 0x00, 0x00, 0x00, 0x00, 0x00,
    0x00, 0x00, 0x00, 0x00, 0x00, 0x00, 0x00, 0x00, 0x00, 0x00, 0x00, 0x00, 0x00, 0x00, 0x00, 0x00,
    0x00, 0x00, 0x00, 0x00, 0x00, 0x00, 0x00, 0x00, 0x00, 0x00, 0x00, 0x00, 0x00, 0x00, 0x00, 0x00,
    0x00, 0x00, 0x00, 0x00, 0x00, 0x00, 0x00, 0x00, 0x00, 0x00, 0x00, 0x00, 0x01, 0x01, 0x01, 0x03,
    0x5b, 0x52, 0x3e, 0x81, 0x7f, 0x71, 0x3c, 0xe2, 0x7e, 0x71, 0x3f, 0xe1, 0x59, 0x50, 0x40, 0x81,
    0x01, 0x01, 0x01, 0x03, 0x00, 0x00, 0x00, 0x00, 0x00, 0x00, 0x00, 0x00, 0x00, 0x00, 0x00, 0x00,
    0x00, 0x00, 0x00, 0x00, 0x00, 0x00, 0x00, 0x00, 0x00, 0x00, 0x00, 0x00, 0x00, 0x00, 0x00, 0x00,
    0x00, 0x00, 0x00, 0x00, 0x00, 0x00, 0x00, 0x00, 0x00, 0x00, 0x00, 0x00, 0x00, 0x00, 0x00, 0x00,
    0x00, 0x00, 0x00, 0x00, 0x00, 0x00, 0x00, 0x00, 0x00, 0x00, 0x00, 0x00, 0x00, 0x00, 0x00, 0x00,
    0x00, 0x00, 0x00, 0x00, 0x00, 0x00, 0x00, 0x00, 0x00, 0x00, 0x00, 0x00, 0x00, 0x00, 0x00, 0x00,
    0x00, 0x00, 0x00, 0x00, 0x00, 0x00, 0x00, 0x00, 0x00, 0x00, 0x00, 0x00, 0x00, 0x00, 0x00, 0x00,
    0x00, 0x00, 0x00, 0x00, 0x00, 0x00, 0x00, 0x00, 0x00, 0x00, 0x00, 0x00, 0x00, 0x00, 0x00, 0x00,
    0x00, 0x00, 0x00, 0x00, 0x00, 0x00, 0x00, 0x00, 0x00, 0x00, 0x00, 0x00, 0x00, 0x00, 0x00, 0x00,
    0x00, 0x00, 0x00, 0x00, 0x00, 0x00, 0x00, 0x00, 0x00, 0x00, 0x00, 0x00, 0x00, 0x00, 0x00, 0x00,
    0x00, 0x00, 0x00, 0x00, 0x00, 0x00, 0x00, 0x00, 0x00, 0x00, 0x00, 0x00, 0x00, 0x00, 0x00, 0x00,
    0x00, 0x00, 0x00, 0x00, 0x00, 0x00, 0x00, 0x00, 0x00, 0x00, 0x00, 0x00, 0x00, 0x00, 0x00, 0x00,
    0x00, 0x00, 0x00, 0x00, 0x00, 0x00, 0x00, 0x00, 0x00, 0x00, 0x00, 0x00, 0x00, 0x00, 0x00, 0x00,
    0x00, 0x00, 0x00, 0x00, 0x00, 0x00, 0x00, 0x00, 0x00, 0x00, 0x00, 0x00, 0x00, 0x00, 0x00, 0x00,
    0x00, 0x00, 0x00, 0x00, 0x00, 0x00, 0x00, 0x00, 0x00, 0x00, 0x00, 0x00, 0x64, 0x5c, 0x4b, 0x7b,
    0xb4, 0xa5, 0x35, 0xff, 0xea, 0xe3, 0x58, 0xff, 0xeb, 0xe2, 0x59, 0xff, 0xb3, 0xa4, 0x3d, 0xff,
    0x5f, 0x57, 0x4b, 0x79, 0x00, 0x00, 0x00, 0x00, 0x00, 0x00, 0x00, 0x00, 0x00, 0x00, 0x00, 0x00,
    0x00, 0x00, 0x00, 0x00, 0x00, 0x00, 0x00, 0x00, 0x00, 0x00, 0x00, 0x00, 0x00, 0x00, 0x00, 0x00,
    0x00, 0x00, 0x00, 0x00, 0x00, 0x00, 0x00, 0x00, 0x00, 0x00, 0x00, 0x00, 0x00, 0x00, 0x00, 0x00,
    0x00, 0x00, 0x00, 0x00, 0x00, 0x00, 0x00, 0x00, 0x00, 0x00, 0x00, 0x00, 0x00, 0x00, 0x00, 0x00,
    0x00, 0x00, 0x00, 0x00, 0x00, 0x00, 0x00, 0x00, 0x00, 0x00, 0x00, 0x00, 0x00, 0x00, 0x00, 0x00,
    0x00, 0x00, 0x00, 0x00, 0x00, 0x00, 0x00, 0x00, 0x00, 0x00, 0x00, 0x00, 0x00, 0x00, 0x00, 0x00,
    0x00, 0x00, 0x00, 0x00, 0x00, 0x00, 0x00, 0x00, 0x00, 0x00, 0x00, 0x00, 0x00, 0x00, 0x00, 0x00,
    0x00, 0x00, 0x00, 0x00, 0x00, 0x00, 0x00, 0x00, 0x00, 0x00, 0x00, 0x00, 0x00, 0x00, 0x00, 0x00,
    0x00, 0x00, 0x00, 0x00, 0x00, 0x00, 0x00, 0x00, 0x00, 0x00, 0x00, 0x00, 0x00, 0x00, 0x00, 0x00,
    0x00, 0x00, 0x00, 0x00, 0x00, 0x00, 0x00, 0x00, 0x00, 0x00, 0x00, 0x00, 0x00, 0x00, 0x00, 0x00,
    0x00, 0x00, 0x00, 0x00, 0x00, 0x00, 0x00, 0x00, 0x00, 0x00, 0x00, 0x00, 0x00, 0x00, 0x00, 0x00,
    0x00, 0x00, 0x00, 0x00, 0x00, 0x00, 0x00, 0x00, 0x00, 0x00, 0x00, 0x00, 0x00, 0x00, 0x00, 0x00,
    0x00, 0x00, 0x00, 0x00, 0x00, 0x00, 0x00, 0x00, 0x00, 0x00, 0x00, 0x00, 0x00, 0x00, 0x00, 0x00,
    0x00, 0x00, 0x00, 0x00, 0x00, 0x00, 0x00, 0x00, 0x00, 0x00, 0x00, 0x00, 0x9b, 0x8d, 0x5d, 0xd5,
    0xe3, 0xd9, 0x57, 0xff, 0xaa, 0x9c, 0x0b, 0xff, 0xae, 0xa2, 0x0d, 0xff, 0xe5, 0xdc, 0x54, 0xff,
    0x95, 0x87, 0x5c, 0xd4, 0x00, 0x00, 0x00, 0x00, 0x00, 0x00, 0x00, 0x00, 0x00, 0x00, 0x00, 0x00,
    0x00, 0x00, 0x00, 0x00, 0x00, 0x00, 0x00, 0x00, 0x00, 0x00, 0x00, 0x00, 0x00, 0x00, 0x00, 0x00,
    0x00, 0x00, 0x00, 0x00, 0x00, 0x00, 0x00, 0x00, 0x00, 0x00, 0x00, 0x00, 0x00, 0x00, 0x00, 0x00,
    0x00, 0x00, 0x00, 0x00, 0x00, 0x00, 0x00, 0x00, 0x00, 0x00, 0x00, 0x00, 0x00, 0x00, 0x00, 0x00,
    0x00, 0x00, 0x00, 0x00, 0x00, 0x00, 0x00, 0x00, 0x00, 0x00, 0x00, 0x00, 0x00, 0x00, 0x00, 0x00,
    0x00, 0x00, 0x00, 0x00, 0x00, 0x00, 0x00, 0x00, 0x00, 0x00, 0x00, 0x00, 0x00, 0x00, 0x00, 0x00,
    0x00, 0x00, 0x00, 0x00, 0x00, 0x00, 0x00, 0x00, 0x00, 0x00, 0x00, 0x00, 0x00, 0x00, 0x00, 0x00,
    0x00, 0x00, 0x00, 0x00, 0x00, 0x00, 0x00, 0x00, 0x00, 0x00, 0x00, 0x00, 0x00, 0x00, 0x00, 0x00,
    0x00, 0x00, 0x00, 0x00, 0x00, 0x00, 0x00, 0x00, 0x00, 0x00, 0x00, 0x00, 0x00, 0x00, 0x00, 0x00,
    0x00, 0x00, 0x00, 0x00, 0x00, 0x00, 0x00, 0x00, 0x00, 0x00, 0x00, 0x00, 0x00, 0x00, 0x00, 0x00,
    0x00, 0x00, 0x00, 0x00, 0x00, 0x00, 0x00, 0x00, 0x00, 0x00, 0x00, 0x00, 0x00, 0x00, 0x00, 0x00,
    0x00, 0x00, 0x00, 0x00, 0x00, 0x00, 0x00, 0x00, 0x00, 0x00, 0x00, 0x00, 0x00, 0x00, 0x00, 0x00,
    0x00, 0x00, 0x00, 0x00, 0x00, 0x00, 0x00, 0x00, 0x00, 0x00, 0x00, 0x00, 0x00, 0x00, 0x00, 0x00,
    0x00, 0x00, 0x00, 0x00, 0x00, 0x00, 0x00, 0x00, 0x00, 0x00, 0x00, 0x00, 0x86, 0x77, 0x43, 0xcf,
    0xdc, 0xd2, 0x51, 0xff, 0xc3, 0xb6, 0x1d, 0xff, 0xc6, 0xb9, 0x1d, 0xff, 0xdb, 0xd2, 0x4f, 0xff,
    0x7d, 0x6e, 0x42, 0xcf, 0x00, 0x00, 0x00, 0x00, 0x00, 0x00, 0x00, 0x00, 0x00, 0x00, 0x00, 0x00,
    0x00, 0x00, 0x00, 0x00, 0x00, 0x00, 0x00, 0x00, 0x00, 0x00, 0x00, 0x00, 0x00, 0x00, 0x00, 0x00,
    0x00, 0x00, 0x00, 0x00, 0x00, 0x00, 0x00, 0x00, 0x00, 0x00, 0x00, 0x00, 0x00, 0x00, 0x00, 0x00,
    0x00, 0x00, 0x00, 0x00, 0x00, 0x00, 0x00, 0x00, 0x00, 0x00, 0x00, 0x00, 0x00, 0x00, 0x00, 0x00,
    0x00, 0x00, 0x00, 0x00, 0x00, 0x00, 0x00, 0x00, 0x00, 0x00, 0x00, 0x00, 0x00, 0x00, 0x00, 0x00,
    0x00, 0x00, 0x00, 0x00, 0x00, 0x00, 0x00, 0x00, 0x00, 0x00, 0x00, 0x00, 0x00, 0x00, 0x00, 0x00,
    0x00, 0x00, 0x00, 0x00, 0x00, 0x00, 0x00, 0x00, 0x00, 0x00, 0x00, 0x00, 0x00, 0x00, 0x00, 0x00,
    0x00, 0x00, 0x00, 0x00, 0x00, 0x00, 0x00, 0x00, 0x00, 0x00, 0x00, 0x00, 0x00, 0x00, 0x00, 0x00,
    0x00, 0x00, 0x00, 0x00, 0x00, 0x00, 0x00, 0x00, 0x00, 0x00, 0x00, 0x00, 0x00, 0x00, 0x00, 0x00,
    0x00, 0x00, 0x00, 0x00, 0x00, 0x00, 0x00, 0x00, 0x00, 0x00, 0x00, 0x00, 0x00, 0x00, 0x00, 0x00,
    0x00, 0x00, 0x00, 0x00, 0x00, 0x00, 0x00, 0x00, 0x00, 0x00, 0x00, 0x00, 0x00, 0x00, 0x00, 0x00,
    0x00, 0x00, 0x00, 0x00, 0x00, 0x00, 0x00, 0x00, 0x00, 0x00, 0x00, 0x00, 0x00, 0x00, 0x00, 0x00,
    0x00, 0x00, 0x00, 0x00, 0x00, 0x00, 0x00, 0x00, 0x00, 0x00, 0x00, 0x00, 0x00, 0x00, 0x00, 0x00,
    0x00, 0x00, 0x00, 0x00, 0x00, 0x00, 0x00, 0x00, 0x00, 0x00, 0x00, 0x00, 0x3e, 0x33, 0x18, 0x67,
    0x7f, 0x72, 0x21, 0xff, 0xcf, 0xc5, 0x51, 0xff, 0xcd, 0xc4, 0x4e, 0xff, 0x77, 0x6b, 0x1c, 0xff,
    0x3a, 0x31, 0x19, 0x68, 0x00, 0x00, 0x00, 0x00, 0x00, 0x00, 0x00, 0x00, 0x00, 0x00, 0x00, 0x00,
    0x00, 0x00, 0x00, 0x00, 0x00, 0x00, 0x00, 0x00, 0x00, 0x00, 0x00, 0x00, 0x00, 0x00, 0x00, 0x00,
    0x00, 0x00, 0x00, 0x00, 0x00, 0x00, 0x00, 0x00, 0x00, 0x00, 0x00, 0x00, 0x00, 0x00, 0x00, 0x00,
    0x00, 0x00, 0x00, 0x00, 0x00, 0x00, 0x00, 0x00, 0x00, 0x00, 0x00, 0x00, 0x00, 0x00, 0x00, 0x00,
    0x00, 0x00, 0x00, 0x00, 0x00, 0x00, 0x00, 0x00, 0x00, 0x00, 0x00, 0x00, 0x00, 0x00, 0x00, 0x00,
    0x00, 0x00, 0x00, 0x00, 0x00, 0x00, 0x00, 0x00, 0x00, 0x00, 0x00, 0x00, 0x00, 0x00, 0x00, 0x00,
    0x00, 0x00, 0x00, 0x00, 0x00, 0x00, 0x00, 0x00, 0x00, 0x00, 0x00, 0x00, 0x00, 0x00, 0x00, 0x00,
    0x00, 0x00, 0x00, 0x00, 0x00, 0x00, 0x00, 0x00, 0x00, 0x00, 0x00, 0x00, 0x00, 0x00, 0x00, 0x00,
    0x00, 0x00, 0x00, 0x00, 0x00, 0x00, 0x00, 0x00, 0x00, 0x00, 0x00, 0x00, 0x00, 0x00, 0x00, 0x00,
    0x00, 0x00, 0x00, 0x00, 0x00, 0x00, 0x00, 0x00, 0x00, 0x00, 0x00, 0x00, 0x00, 0x00, 0x00, 0x00,
    0x00, 0x00, 0x00, 0x00, 0x00, 0x00, 0x00, 0x00, 0x00, 0x00, 0x00, 0x00, 0x00, 0x00, 0x00, 0x00,
    0x00, 0x00, 0x00, 0x00, 0x00, 0x00, 0x00, 0x00, 0x00, 0x00, 0x00, 0x00, 0x00, 0x00, 0x00, 0x00,
    0x00, 0x00, 0x00, 0x00, 0x00, 0x00, 0x00, 0x00, 0x00, 0x00, 0x00, 0x00, 0x00, 0x00, 0x00, 0x00,
    0x00, 0x00, 0x00, 0x00, 0x00, 0x00, 0x00, 0x00, 0x00, 0x00, 0x00, 0x00, 0x00, 0x00, 0x00, 0x01,
    0x23, 0x1d, 0x06, 0x6a, 0x31, 0x2a, 0x0e, 0xff, 0x33, 0x2c, 0x0e, 0xff, 0x21, 0x1c, 0x08, 0x6c,
    0x00, 0x00, 0x00, 0x01, 0x00, 0x00, 0x00, 0x00, 0x00, 0x00, 0x00, 0x00, 0x00, 0x00, 0x00, 0x00,
    0x00, 0x00, 0x00, 0x00, 0x00, 0x00, 0x00, 0x00, 0x00, 0x00, 0x00, 0x00, 0x00, 0x00, 0x00, 0x00,
    0x00, 0x00, 0x00, 0x00, 0x00, 0x00, 0x00, 0x00, 0x00, 0x00, 0x00, 0x00, 0x00, 0x00, 0x00, 0x00,
    0x00, 0x00, 0x00, 0x00, 0x00, 0x00, 0x00, 0x00, 0x00, 0x00, 0x00, 0x00, 0x00, 0x00, 0x00, 0x00,
    0x00, 0x00, 0x00, 0x00, 0x00, 0x00, 0x00, 0x00, 0x00, 0x00, 0x00, 0x00, 0x00, 0x00, 0x00, 0x00,
    0x00, 0x00, 0x00, 0x00, 0x00, 0x00, 0x00, 0x00, 0x00, 0x00, 0x00, 0x00, 0x00, 0x00, 0x00, 0x00,
    0x00, 0x00, 0x00, 0x00, 0x00, 0x00, 0x00, 0x00, 0x00, 0x00, 0x00, 0x00, 0x00, 0x00, 0x00, 0x00,
    0x00, 0x00, 0x00, 0x00, 0x00, 0x00, 0x00, 0x00, 0x00, 0x00, 0x00, 0x00, 0x00, 0x00, 0x00, 0x00,
    0x00, 0x00, 0x00, 0x00, 0x00, 0x00, 0x00, 0x00, 0x00, 0x00, 0x00, 0x00, 0x00, 0x00, 0x00, 0x00,
    0x00, 0x00, 0x00, 0x00, 0x00, 0x00, 0x00, 0x00, 0x00, 0x00, 0x00, 0x00, 0x00, 0x00, 0x00, 0x00,
    0x00, 0x00, 0x00, 0x00, 0x00, 0x00, 0x00, 0x00, 0x00, 0x00, 0x00, 0x00, 0x00, 0x00, 0x00, 0x00,
    0x00, 0x00, 0x00, 0x00, 0x00, 0x00, 0x00, 0x00, 0x00, 0x00, 0x00, 0x00, 0x00, 0x00, 0x00, 0x00,
    0x00, 0x00, 0x00, 0x00, 0x00, 0x00, 0x00, 0x00, 0x00, 0x00, 0x00, 0x00, 0x00, 0x00, 0x00, 0x00,
    0x00, 0x00, 0x00, 0x00, 0x00, 0x00, 0x00, 0x00, 0x00, 0x00, 0x00, 0x00, 0x00, 0x00, 0x00, 0x00,
    0x07, 0x06, 0x04, 0x12, 0x42, 0x39, 0x1b, 0xfe, 0x44, 0x3d, 0x24, 0xff, 0x06, 0x06, 0x04, 0x13,
    0x00, 0x00, 0x00, 0x00, 0x00, 0x00, 0x00, 0x00, 0x00, 0x00, 0x00, 0x00, 0x00, 0x00, 0x00, 0x00,
    0x00, 0x00, 0x00, 0x00, 0x00, 0x00, 0x00, 0x00, 0x00, 0x00, 0x00, 0x00, 0x00, 0x00, 0x00, 0x00,
    0x00, 0x00, 0x00, 0x00, 0x00, 0x00, 0x00, 0x00, 0x00, 0x00, 0x00, 0x00, 0x00, 0x00, 0x00, 0x00,
    0x00, 0x00, 0x00, 0x00, 0x00, 0x00, 0x00, 0x00, 0x00, 0x00, 0x00, 0x00, 0x00, 0x00, 0x00, 0x00,
    0x00, 0x00, 0x00, 0x00, 0x00, 0x00, 0x00, 0x00, 0x00, 0x00, 0x00, 0x00, 0x00, 0x00, 0x00, 0x00,
    0x00, 0x00, 0x00, 0x00, 0x00, 0x00, 0x00, 0x00, 0x00, 0x00, 0x00, 0x00, 0x00, 0x00, 0x00, 0x00,
    0x00, 0x00, 0x00, 0x00, 0x00, 0x00, 0x00, 0x00, 0x00, 0x00, 0x00, 0x00, 0x00, 0x00, 0x00, 0x00,
    0x00, 0x00, 0x00, 0x00, 0x00, 0x00, 0x00, 0x00, 0x00, 0x00, 0x00, 0x00, 0x00, 0x00, 0x00, 0x00,
    0x00, 0x00, 0x00, 0x00, 0x00, 0x00, 0x00, 0x00, 0x00, 0x00, 0x00, 0x00, 0x00, 0x00, 0x00, 0x00,
    0x00, 0x00, 0x00, 0x00, 0x00, 0x00, 0x00, 0x00, 0x00, 0x00, 0x00, 0x00, 0x00, 0x00, 0x00, 0x00,
    0x00, 0x00, 0x00, 0x00, 0x00, 0x00, 0x00, 0x00, 0x00, 0x00, 0x00, 0x00, 0x00, 0x00, 0x00, 0x00,
    0x00, 0x00, 0x00, 0x00, 0x00, 0x00, 0x00, 0x00, 0x00, 0x00, 0x00, 0x00, 0x00, 0x00, 0x00, 0x00,
    0x00, 0x00, 0x00, 0x00, 0x00, 0x00, 0x00, 0x00, 0x00, 0x00, 0x00, 0x00, 0x00, 0x00, 0x00, 0x00,
    0x00, 0x00, 0x00, 0x00, 0x00, 0x00, 0x00, 0x00, 0x00, 0x00, 0x00, 0x00, 0x01, 0x00, 0x00, 0x03,
    0x58, 0x4f, 0x3c, 0x94, 0x30, 0x29, 0x13, 0xff, 0x35, 0x2e, 0x1f, 0xff, 0x54, 0x4b, 0x3c, 0x94,
    0x01, 0x00, 0x00, 0x03, 0x00, 0x00, 0x00, 0x00, 0x00, 0x00, 0x00, 0x00, 0x00, 0x00, 0x00, 0x00,
    0x00, 0x00, 0x00, 0x00, 0x00, 0x00, 0x00, 0x00, 0x00, 0x00, 0x00, 0x00, 0x00, 0x00, 0x00, 0x00,
    0x00, 0x00, 0x00, 0x00, 0x00, 0x00, 0x00, 0x00, 0x00, 0x00, 0x00, 0x00, 0x00, 0x00, 0x00, 0x00,
    0x00, 0x00, 0x00, 0x00, 0x00, 0x00, 0x00, 0x00, 0x00, 0x00, 0x00, 0x00, 0x00, 0x00, 0x00, 0x00,
    0x00, 0x00, 0x00, 0x00, 0x00, 0x00, 0x00, 0x00, 0x00, 0x00, 0x00, 0x00, 0x00, 0x00, 0x00, 0x00,
    0x00, 0x00, 0x00, 0x00, 0x00, 0x00, 0x00, 0x00, 0x00, 0x00, 0x00, 0x00, 0x00, 0x00, 0x00, 0x00,
    0x00, 0x00, 0x00, 0x00, 0x00, 0x00, 0x00, 0x00, 0x00, 0x00, 0x00, 0x00, 0x00, 0x00, 0x00, 0x00,
    0x00, 0x00, 0x00, 0x00, 0x00, 0x00, 0x00, 0x00, 0x00, 0x00, 0x00, 0x00, 0x00, 0x00, 0x00, 0x00,
    0x00, 0x00, 0x00, 0x00, 0x00, 0x00, 0x00, 0x00, 0x00, 0x00, 0x00, 0x00, 0x00, 0x00, 0x00, 0x00,
    0x00, 0x00, 0x00, 0x00, 0x00, 0x00, 0x00, 0x00, 0x00, 0x00, 0x00, 0x00, 0x00, 0x00, 0x00, 0x00,
    0x00, 0x00, 0x00, 0x00, 0x00, 0x00, 0x00, 0x00, 0x00, 0x00, 0x00, 0x00, 0x00, 0x00, 0x00, 0x00,
    0x00, 0x00, 0x00, 0x00, 0x00, 0x00, 0x00, 0x00, 0x00, 0x00, 0x00, 0x00, 0x00, 0x00, 0x00, 0x00,
    0x00, 0x00, 0x00, 0x00, 0x00, 0x00, 0x00, 0x00, 0x00, 0x00, 0x00, 0x00, 0x04, 0x04, 0x04, 0x06,
    0x28, 0x27, 0x26, 0x2c, 0x50, 0x4d, 0x49, 0x55, 0x6d, 0x67, 0x5f, 0x74, 0x6a, 0x61, 0x53, 0xa1,
    0x4f, 0x40, 0x25, 0xff, 0x33, 0x2e, 0x27, 0xff, 0x65, 0x61, 0x5d, 0xff, 0x42, 0x37, 0x26, 0xff,
    0x6b, 0x62, 0x55, 0xa0, 0x6e, 0x67, 0x5f, 0x74, 0x51, 0x4e, 0x4a, 0x57, 0x28, 0x27, 0x26, 0x2d,
    0x04, 0x04, 0x04, 0x06, 0x00, 0x00, 0x00, 0x00, 0x00, 0x00, 0x00, 0x00, 0x00, 0x00, 0x00, 0x00,
    0x00, 0x00, 0x00, 0x00, 0x00, 0x00, 0x00, 0x00, 0x00, 0x00, 0x00, 0x00, 0x00, 0x00, 0x00, 0x00,
    0x00, 0x00, 0x00, 0x00, 0x00, 0x00, 0x00, 0x00, 0x00, 0x00, 0x00, 0x00, 0x00, 0x00, 0x00, 0x00,
    0x00, 0x00, 0x00, 0x00, 0x00, 0x00, 0x00, 0x00, 0x00, 0x00, 0x00, 0x00, 0x00, 0x00, 0x00, 0x00,
    0x00, 0x00, 0x00, 0x00, 0x00, 0x00, 0x00, 0x00, 0x00, 0x00, 0x00, 0x00, 0x00, 0x00, 0x00, 0x00,
    0x00, 0x00, 0x00, 0x00, 0x00, 0x00, 0x00, 0x00, 0x00, 0x00, 0x00, 0x00, 0x00, 0x00, 0x00, 0x00,
    0x00, 0x00, 0x00, 0x00, 0x00, 0x00, 0x00, 0x00, 0x00, 0x00, 0x00, 0x00, 0x00, 0x00, 0x00, 0x00,
    0x00, 0x00, 0x00, 0x00, 0x00, 0x00, 0x00, 0x00, 0x00, 0x00, 0x00, 0x00, 0x00, 0x00, 0x00, 0x00,
    0x00, 0x00, 0x00, 0x00, 0x00, 0x00, 0x00, 0x00, 0x00, 0x00, 0x00, 0x00, 0x00, 0x00, 0x00, 0x00,
    0x00, 0x00, 0x00, 0x00, 0x00, 0x00, 0x00, 0x00, 0x00, 0x00, 0x00, 0x00, 0x00, 0x00, 0x00, 0x00,
    0x00, 0x00, 0x00, 0x00, 0x00, 0x00, 0x00, 0x00, 0x00, 0x00, 0x00, 0x00, 0x00, 0x00, 0x00, 0x00,
    0x04, 0x04, 0x03, 0x09, 0x4f, 0x4d, 0x4a, 0x61, 0x71, 0x6a, 0x5f, 0x9c, 0xe2, 0xd1, 0xc1, 0xf0,
    0xe5, 0xcc, 0xb7, 0xff, 0xd2, 0xb7, 0x9f, 0xff, 0xc0, 0xa5, 0x8d, 0xff, 0xa9, 0x91, 0x78, 0xff,
    0x57, 0x49, 0x32, 0xff, 0x32, 0x2c, 0x1d, 0xff, 0x3b, 0x35, 0x2c, 0xff, 0x48, 0x3d, 0x2d, 0xff,
    0x9b, 0x84, 0x6c, 0xff, 0xae, 0x95, 0x7d, 0xff, 0xc1, 0xa6, 0x8e, 0xff, 0xd8, 0xbf, 0xa9, 0xff,
    0xdd, 0xca, 0xb9, 0xf1, 0x70, 0x67, 0x5d, 0x9c, 0x51, 0x4f, 0x4c, 0x60, 0x04, 0x04, 0x04, 0x08,
    0x00, 0x00, 0x00, 0x00, 0x00, 0x00, 0x00, 0x00, 0x00, 0x00, 0x00, 0x00, 0x00, 0x00, 0x00, 0x00,
    0x00, 0x00, 0x00, 0x00, 0x00, 0x00, 0x00, 0x00, 0x00, 0x00, 0x00, 0x00, 0x00, 0x00, 0x00, 0x00,
    0x00, 0x00, 0x00, 0x00, 0x00, 0x00, 0x00, 0x00, 0x00, 0x00, 0x00, 0x00, 0x00, 0x00, 0x00, 0x00,
    0x00, 0x00, 0x00, 0x00, 0x00, 0x00, 0x00, 0x00, 0x00, 0x00, 0x00, 0x00, 0x00, 0x00, 0x00, 0x00,
    0x00, 0x00, 0x00, 0x00, 0x00, 0x00, 0x00, 0x00, 0x00, 0x00, 0x00, 0x00, 0x00, 0x00, 0x00, 0x00,
    0x00, 0x00, 0x00, 0x00, 0x00, 0x00, 0x00, 0x00, 0x00, 0x00, 0x00, 0x00, 0x00, 0x00, 0x00, 0x00,
    0x00, 0x00, 0x00, 0x00, 0x00, 0x00, 0x00, 0x00, 0x00, 0x00, 0x00, 0x00, 0x00, 0x00, 0x00, 0x00,
    0x00, 0x00, 0x00, 0x00, 0x00, 0x00, 0x00, 0x00, 0x00, 0x00, 0x00, 0x00, 0x00, 0x00, 0x00, 0x00,
    0x00, 0x00, 0x00, 0x00, 0x00, 0x00, 0x00, 0x00, 0x00, 0x00, 0x00, 0x00, 0x00, 0x00, 0x00, 0x00,
    0x00, 0x00, 0x00, 0x00, 0x00, 0x00, 0x00, 0x00, 0x02, 0x02, 0x02, 0x03, 0x5b, 0x58, 0x55, 0x66,
    0xd4, 0xc6, 0xb9, 0xe6, 0xdc, 0xc8, 0xb7, 0xff, 0x94, 0x82, 0x70, 0xff, 0xba, 0xa0, 0x8c, 0xff,
    0x9b, 0x85, 0x72, 0xff, 0x83, 0x70, 0x5f, 0xff, 0x71, 0x61, 0x51, 0xff, 0x64, 0x56, 0x47, 0xff,
    0x58, 0x4c, 0x3a, 0xff, 0x47, 0x3e, 0x29, 0xff, 0x42, 0x3a, 0x29, 0xff, 0x4a, 0x41, 0x34, 0xff,
    0x53, 0x49, 0x3d, 0xff, 0x59, 0x4e, 0x41, 0xff, 0x65, 0x57, 0x48, 0xff, 0x77, 0x66, 0x55, 0xff,
    0x91, 0x7b, 0x68, 0xff, 0x7d, 0x6d, 0x5a, 0xff, 0xd0, 0xba, 0xa7, 0xff, 0xce, 0xbe, 0xb0, 0xe4,
    0x59, 0x56, 0x53, 0x62, 0x02, 0x02, 0x02, 0x03, 0x00, 0x00, 0x00, 0x00, 0x00, 0x00, 0x00, 0x00,
    0x00, 0x00, 0x00, 0x00, 0x00, 0x00, 0x00, 0x00, 0x00, 0x00, 0x00, 0x00, 0x00, 0x00, 0x00, 0x00,
    0x00, 0x00, 0x00, 0x00, 0x00, 0x00, 0x00, 0x00, 0x00, 0x00, 0x00, 0x00, 0x00, 0x00, 0x00, 0x00,
    0x00, 0x00, 0x00, 0x00, 0x00, 0x00, 0x00, 0x00, 0x00, 0x00, 0x00, 0x00, 0x00, 0x00, 0x00, 0x00,
    0x00, 0x00, 0x00, 0x00, 0x00, 0x00, 0x00, 0x00, 0x00, 0x00, 0x00, 0x00, 0x00, 0x00, 0x00, 0x00,
    0x00, 0x00, 0x00, 0x00, 0x00, 0x00, 0x00, 0x00, 0x00, 0x00, 0x00, 0x00, 0x00, 0x00, 0x00, 0x00,
    0x00, 0x00, 0x00, 0x00, 0x00, 0x00, 0x00, 0x00, 0x00, 0x00, 0x00, 0x00, 0x00, 0x00, 0x00, 0x00,
    0x00, 0x00, 0x00, 0x00, 0x00, 0x00, 0x00, 0x00, 0x00, 0x00, 0x00, 0x00, 0x00, 0x00, 0x00, 0x00,
    0x00, 0x00, 0x00, 0x00, 0x00, 0x00, 0x00, 0x00, 0x00, 0x00, 0x00, 0x00, 0x00, 0x00, 0x00, 0x00,
    0x00, 0x00, 0x00, 0x00, 0x1c, 0x1c, 0x1c, 0x1f, 0xb8, 0xb1, 0xaa, 0xc0, 0xea, 0xd3, 0xc3, 0xff,
    0xc9, 0xae, 0x9e, 0xff, 0xa6, 0x93, 0x82, 0xff, 0x67, 0x59, 0x4b, 0xff, 0x75, 0x65, 0x56, 0xff,
    0x61, 0x55, 0x49, 0xff, 0x54, 0x4b, 0x41, 0xff, 0x4f, 0x47, 0x3f, 0xff, 0x4b, 0x44, 0x3c, 0xff,
    0x49, 0x43, 0x3b, 0xff, 0x47, 0x41, 0x3a, 0xff, 0x46, 0x40, 0x39, 0xff, 0x46, 0x41, 0x3b, 0xff,
    0x45, 0x40, 0x3a, 0xff, 0x45, 0x3f, 0x39, 0xff, 0x45, 0x3f, 0x39, 0xff, 0x49, 0x42, 0x39, 0xff,
    0x50, 0x46, 0x3c, 0xff, 0x46, 0x3c, 0x31, 0xff, 0x7f, 0x70, 0x60, 0xff, 0x96, 0x81, 0x6e, 0xff,
    0xce, 0xb6, 0xa3, 0xff, 0xb2, 0xa7, 0x9f, 0xbe, 0x1b, 0x1b, 0x1b, 0x1e, 0x00, 0x00, 0x00, 0x00,
    0x00, 0x00, 0x00, 0x00, 0x00, 0x00, 0x00, 0x00, 0x00, 0x00, 0x00, 0x00, 0x00, 0x00, 0x00, 0x00,
    0x00, 0x00, 0x00, 0x00, 0x00, 0x00, 0x00, 0x00, 0x00, 0x00, 0x00, 0x00, 0x00, 0x00, 0x00, 0x00,
    0x00, 0x00, 0x00, 0x00, 0x00, 0x00, 0x00, 0x00, 0x00, 0x00, 0x00, 0x00, 0x00, 0x00, 0x00, 0x00,
    0x00, 0x00, 0x00, 0x00, 0x00, 0x00, 0x00, 0x00, 0x00, 0x00, 0x00, 0x00, 0x00, 0x00, 0x00, 0x00,
    0x00, 0x00, 0x00, 0x00, 0x00, 0x00, 0x00, 0x00, 0x00, 0x00, 0x00, 0x00, 0x00, 0x00, 0x00, 0x00,
    0x00, 0x00, 0x00, 0x00, 0x00, 0x00, 0x00, 0x00, 0x00, 0x00, 0x00, 0x00, 0x00, 0x00, 0x00, 0x00,
    0x00, 0x00, 0x00, 0x00, 0x00, 0x00, 0x00, 0x00, 0x00, 0x00, 0x00, 0x00, 0x00, 0x00, 0x00, 0x00,
    0x00, 0x00, 0x00, 0x00, 0x00, 0x00, 0x00, 0x00, 0x00, 0x00, 0x00, 0x00, 0x00, 0x00, 0x00, 0x00,
    0x38, 0x38, 0x37, 0x3b, 0xe2, 0xd9, 0xce, 0xea, 0xe2, 0xc8, 0xb8, 0xff, 0xbd, 0xa5, 0x96, 0xff,
    0x9e, 0x8a, 0x7e, 0xff, 0x81, 0x74, 0x69, 0xff, 0x45, 0x3c, 0x33, 0xff, 0x52, 0x4a, 0x43, 0xff,
    0x4f, 0x49, 0x42, 0xff, 0x50, 0x4a, 0x45, 0xff, 0x52, 0x4d, 0x4a, 0xff, 0x56, 0x51, 0x4e, 0xff,
    0x58, 0x53, 0x51, 0xff, 0x58, 0x54, 0x51, 0xff, 0x58, 0x54, 0x51, 0xff, 0x59, 0x54, 0x51, 0xff,
    0x57, 0x52, 0x50, 0xff, 0x52, 0x4d, 0x4b, 0xff, 0x4e, 0x4a, 0x47, 0xff, 0x49, 0x44, 0x41, 0xff,
    0x46, 0x41, 0x3d, 0xff, 0x30, 0x2c, 0x26, 0xff, 0x58, 0x50, 0x47, 0xff, 0x5a, 0x50, 0x46, 0xff,
    0x71, 0x62, 0x55, 0xff, 0xaa, 0x93, 0x81, 0xff, 0xd4, 0xc3, 0xb5, 0xea, 0x38, 0x37, 0x36, 0x3c,
    0x00, 0x00, 0x00, 0x00, 0x00, 0x00, 0x00, 0x00, 0x00, 0x00, 0x00, 0x00, 0x00, 0x00, 0x00, 0x00,
    0x00, 0x00, 0x00, 0x00, 0x00, 0x00, 0x00, 0x00, 0x00, 0x00, 0x00, 0x00, 0x00, 0x00, 0x00, 0x00,
    0x00, 0x00, 0x00, 0x00, 0x00, 0x00, 0x00, 0x00, 0x00, 0x00, 0x00, 0x00, 0x00, 0x00, 0x00, 0x00,
    0x00, 0x00, 0x00, 0x00, 0x00, 0x00, 0x00, 0x00, 0x00, 0x00, 0x00, 0x00, 0x00, 0x00, 0x00, 0x00,
    0x00, 0x00, 0x00, 0x00, 0x00, 0x00, 0x00, 0x00, 0x00, 0x00, 0x00, 0x00, 0x00, 0x00, 0x00, 0x00,
    0x00, 0x00, 0x00, 0x00, 0x00, 0x00, 0x00, 0x00, 0x00, 0x00, 0x00, 0x00, 0x00, 0x00, 0x00, 0x00,
    0x00, 0x00, 0x00, 0x00, 0x00, 0x00, 0x00, 0x00, 0x00, 0x00, 0x00, 0x00, 0x00, 0x00, 0x00, 0x00,
    0x00, 0x00, 0x00, 0x00, 0x00, 0x00, 0x00, 0x00, 0x00, 0x00, 0x00, 0x00, 0x3d, 0x3c, 0x3b, 0x41,
    0xec, 0xe0, 0xd4, 0xf4, 0xdd, 0xc4, 0xb4, 0xff, 0xb5, 0x9f, 0x91, 0xff, 0x98, 0x88, 0x7e, 0xff,
    0x8a, 0x7e, 0x78, 0xff, 0x84, 0x7c, 0x77, 0xff, 0x3e, 0x38, 0x33, 0xff, 0x53, 0x4f, 0x4c, 0xff,
    0x58, 0x53, 0x51, 0xff, 0x5f, 0x5a, 0x59, 0xff, 0x67, 0x63, 0x62, 0xff, 0x6e, 0x6a, 0x69, 0xff,
    0x74, 0x6f, 0x6f, 0xff, 0x79, 0x75, 0x74, 0xff, 0x7b, 0x76, 0x76, 0xff, 0x7b, 0x76, 0x75, 0xff,
    0x77, 0x72, 0x72, 0xff, 0x72, 0x6d, 0x6c, 0xff, 0x68, 0x63, 0x62, 0xff, 0x5e, 0x59, 0x58, 0xff,
    0x54, 0x4f, 0x4d, 0xff, 0x34, 0x30, 0x2e, 0xff, 0x61, 0x5b, 0x58, 0xff, 0x51, 0x4c, 0x47, 0xff,
    0x52, 0x4a, 0x43, 0xff, 0x62, 0x57, 0x4c, 0xff, 0x95, 0x81, 0x70, 0xff, 0xd7, 0xc3, 0xb3, 0xf5,
    0x3e, 0x3c, 0x3b, 0x43, 0x00, 0x00, 0x00, 0x00, 0x00, 0x00, 0x00, 0x00, 0x00, 0x00, 0x00, 0x00,
    0x00, 0x00, 0x00, 0x00, 0x00, 0x00, 0x00, 0x00, 0x00, 0x00, 0x00, 0x00, 0x00, 0x00, 0x00, 0x00,
    0x00, 0x00, 0x00, 0x00, 0x00, 0x00, 0x00, 0x00, 0x00, 0x00, 0x00, 0x00, 0x00, 0x00, 0x00, 0x00,
    0x00, 0x00, 0x00, 0x00, 0x00, 0x00, 0x00, 0x00, 0x00, 0x00, 0x00, 0x00, 0x00, 0x00, 0x00, 0x00,
    0x00, 0x00, 0x00, 0x00, 0x00, 0x00, 0x00, 0x00, 0x00, 0x00, 0x00, 0x00, 0x00, 0x00, 0x00, 0x00,
    0x00, 0x00, 0x00, 0x00, 0x00, 0x00, 0x00, 0x00, 0x00, 0x00, 0x00, 0x00, 0x00, 0x00, 0x00, 0x00,
    0x00, 0x00, 0x00, 0x00, 0x00, 0x00, 0x00, 0x00, 0x00, 0x00, 0x00, 0x00, 0x00, 0x00, 0x00, 0x00,
    0x00, 0x00, 0x00, 0x00, 0x00, 0x00, 0x00, 0x00, 0x1e, 0x1d, 0x1b, 0x25, 0xe8, 0xdd, 0xd2, 0xef,
    0xdd, 0xc3, 0xb3, 0xff, 0xb3, 0x9e, 0x91, 0xff, 0x97, 0x88, 0x7f, 0xff, 0x8d, 0x83, 0x7e, 0xff,
    0x8d, 0x85, 0x83, 0xff, 0x99, 0x93, 0x92, 0xff, 0x42, 0x3d, 0x3a, 0xff, 0x60, 0x5c, 0x5c, 0xff,
    0x6a, 0x66, 0x66, 0xff, 0x75, 0x71, 0x71, 0xff, 0x82, 0x7e, 0x7e, 0xff, 0x8d, 0x88, 0x88, 0xff,
    0x98, 0x91, 0x91, 0xff, 0x9f, 0x99, 0x99, 0xff, 0xa6, 0x9f, 0x9e, 0xff, 0xa7, 0xa0, 0x9f, 0xff,
    0xa3, 0x9b, 0x9c, 0xff, 0x9a, 0x93, 0x94, 0xff, 0x8c, 0x86, 0x86, 0xff, 0x7c, 0x77, 0x77, 0xff,
    0x6d, 0x68, 0x67, 0xff, 0x3e, 0x3a, 0x39, 0xff, 0x7a, 0x75, 0x73, 0xff, 0x61, 0x5c, 0x59, 0xff,
    0x54, 0x4f, 0x4c, 0xff, 0x51, 0x4a, 0x45, 0xff, 0x5b, 0x52, 0x4a, 0xff, 0x8e, 0x7b, 0x6c, 0xff,
    0xd2, 0xc0, 0xaf, 0xf0, 0x20, 0x1f, 0x1d, 0x25, 0x00, 0x00, 0x00, 0x00, 0x00, 0x00, 0x00, 0x00,
    0x00, 0x00, 0x00, 0x00, 0x00, 0x00, 0x00, 0x00, 0x00, 0x00, 0x00, 0x00, 0x00, 0x00, 0x00, 0x00,
    0x00, 0x00, 0x00, 0x00, 0x00, 0x00, 0x00, 0x00, 0x00, 0x00, 0x00, 0x00, 0x00, 0x00, 0x00, 0x00,
    0x00, 0x00, 0x00, 0x00, 0x00, 0x00, 0x00, 0x00, 0x00, 0x00, 0x00, 0x00, 0x00, 0x00, 0x00, 0x00,
    0x00, 0x00, 0x00, 0x00, 0x00, 0x00, 0x00, 0x00, 0x00, 0x00, 0x00, 0x00, 0x00, 0x00, 0x00, 0x00,
    0x00, 0x00, 0x00, 0x00, 0x00, 0x00, 0x00, 0x00, 0x00, 0x00, 0x00, 0x00, 0x00, 0x00, 0x00, 0x00,
    0x00, 0x00, 0x00, 0x00, 0x00, 0x00, 0x00, 0x00, 0x00, 0x00, 0x00, 0x00, 0x00, 0x00, 0x00, 0x00,
    0x00, 0x00, 0x00, 0x00, 0x01, 0x01, 0x01, 0x04, 0x88, 0x7c, 0x6c, 0xc0, 0xe2, 0xca, 0xb9, 0xff,
    0xb7, 0xa1, 0x94, 0xff, 0x96, 0x87, 0x7e, 0xff, 0x8d, 0x82, 0x7e, 0xff, 0x90, 0x88, 0x85, 0xff,
    0x96, 0x91, 0x90, 0xff, 0x50, 0x4d, 0x48, 0xff, 0x2d, 0x2b, 0x29, 0xff, 0x40, 0x3e, 0x3d, 0xff,
    0x43, 0x42, 0x42, 0xff, 0x47, 0x46, 0x45, 0xff, 0x4c, 0x4a, 0x4a, 0xff, 0x51, 0x4f, 0x4f, 0xff,
    0x55, 0x53, 0x53, 0xff, 0x59, 0x57, 0x57, 0xff, 0x5b, 0x5a, 0x59, 0xff, 0x5d, 0x5b, 0x5a, 0xff,
    0x5c, 0x5b, 0x5a, 0xff, 0x5a, 0x58, 0x58, 0xff, 0x55, 0x53, 0x52, 0xff, 0x50, 0x4e, 0x4e, 0xff,
    0x4a, 0x48, 0x47, 0xff, 0x2e, 0x2b, 0x29, 0xff, 0x52, 0x50, 0x50, 0xff, 0x7e, 0x79, 0x79, 0xff,
    0x65, 0x60, 0x5e, 0xff, 0x58, 0x52, 0x50, 0xff, 0x52, 0x4c, 0x48, 0xff, 0x5c, 0x53, 0x4a, 0xff,
    0x95, 0x82, 0x70, 0xff, 0x82, 0x77, 0x68, 0xbc, 0x01, 0x01, 0x01, 0x03, 0x00, 0x00, 0x00, 0x00,
    0x00, 0x00, 0x00, 0x00, 0x00, 0x00, 0x00, 0x00, 0x00, 0x00, 0x00, 0x00, 0x00, 0x00, 0x00, 0x00,
    0x00, 0x00, 0x00, 0x00, 0x00, 0x00, 0x00, 0x00, 0x00, 0x00, 0x00, 0x00, 0x00, 0x00, 0x00, 0x00,
    0x00, 0x00, 0x00, 0x00, 0x00, 0x00, 0x00, 0x00, 0x00, 0x00, 0x00, 0x00, 0x00, 0x00, 0x00, 0x00,
    0x00, 0x00, 0x00, 0x00, 0x00, 0x00, 0x00, 0x00, 0x00, 0x00, 0x00, 0x00, 0x00, 0x00, 0x00, 0x00,
    0x00, 0x00, 0x00, 0x00, 0x00, 0x00, 0x00, 0x00, 0x00, 0x00, 0x00, 0x00, 0x00, 0x00, 0x00, 0x00,
    0x00, 0x00, 0x00, 0x00, 0x00, 0x00, 0x00, 0x00, 0x00, 0x00, 0x00, 0x00, 0x00, 0x00, 0x00, 0x00,
    0x00, 0x00, 0x00, 0x00, 0x4c, 0x44, 0x39, 0x67, 0xb8, 0xa1, 0x8a, 0xff, 0xc4, 0xad, 0x9f, 0xff,
    0x9d, 0x8d, 0x83, 0xff, 0x8c, 0x81, 0x7c, 0xff, 0x8e, 0x86, 0x84, 0xff, 0x97, 0x8f, 0x8f, 0xff,
    0x71, 0x6e, 0x6d, 0xff, 0x5b, 0x55, 0x4e, 0xff, 0x43, 0x41, 0x3f, 0xff, 0x35, 0x32, 0x31, 0xff,
    0x36, 0x35, 0x34, 0xff, 0x3c, 0x3b, 0x3a, 0xff, 0x46, 0x44, 0x44, 0xff, 0x4f, 0x4d, 0x4d, 0xff,
    0x58, 0x56, 0x56, 0xff, 0x61, 0x5f, 0x60, 0xff, 0x69, 0x67, 0x68, 0xff, 0x6f, 0x6d, 0x6d, 0xff,
    0x70, 0x6e, 0x6f, 0xff, 0x6d, 0x6b, 0x6b, 0xff, 0x65, 0x63, 0x64, 0xff, 0x5b, 0x5a, 0x59, 0xff,
    0x50, 0x4e, 0x4d, 0xff, 0x54, 0x52, 0x51, 0xff, 0x46, 0x42, 0x40, 0xff, 0x6c, 0x6a, 0x69, 0xff,
    0x7b, 0x75, 0x73, 0xff, 0x67, 0x61, 0x5f, 0xff, 0x58, 0x52, 0x4f, 0xff, 0x53, 0x4d, 0x48, 0xff,
    0x63, 0x59, 0x50, 0xff, 0x9f, 0x8c, 0x76, 0xff, 0x4b, 0x43, 0x39, 0x61, 0x00, 0x00, 0x00, 0x00,
    0x00, 0x00, 0x00, 0x00, 0x00, 0x00, 0x00, 0x00, 0x00, 0x00, 0x00, 0x00, 0x00, 0x00, 0x00, 0x00,
    0x00, 0x00, 0x00, 0x00, 0x00, 0x00, 0x00, 0x00, 0x00, 0x00, 0x00, 0x00, 0x00, 0x00, 0x00, 0x00,
    0x00, 0x00, 0x00, 0x00, 0x00, 0x00, 0x00, 0x00, 0x00, 0x00, 0x00, 0x00, 0x00, 0x00, 0x00, 0x00,
    0x00, 0x00, 0x00, 0x00, 0x00, 0x00, 0x00, 0x00, 0x00, 0x00, 0x00, 0x00, 0x00, 0x00, 0x00, 0x00,
    0x00, 0x00, 0x00, 0x00, 0x00, 0x00, 0x00, 0x00, 0x00, 0x00, 0x00, 0x00, 0x00, 0x00, 0x00, 0x00,
    0x00, 0x00, 0x00, 0x00, 0x00, 0x00, 0x00, 0x00, 0x00, 0x00, 0x00, 0x00, 0x00, 0x00, 0x00, 0x00,
    0x01, 0x01, 0x00, 0x04, 0xaf, 0x98, 0x7d, 0xe0, 0x8b, 0x7b, 0x69, 0xff, 0xb1, 0x9e, 0x93, 0xff,
    0x90, 0x84, 0x7d, 0xff, 0x8a, 0x81, 0x7f, 0xff, 0x93, 0x8c, 0x8b, 0xff, 0x9e, 0x97, 0x98, 0xff,
    0x72, 0x6e, 0x6d, 0xff, 0x3e, 0x3a, 0x36, 0xff, 0x2e, 0x2b, 0x28, 0xff, 0x32, 0x2f, 0x2a, 0xff,
    0x38, 0x35, 0x2f, 0xff, 0x3d, 0x3a, 0x35, 0xff, 0x45, 0x42, 0x3e, 0xff, 0x4c, 0x49, 0x47, 0xff,
    0x55, 0x52, 0x50, 0xff, 0x5e, 0x5b, 0x5b, 0xff, 0x66, 0x63, 0x64, 0xff, 0x6d, 0x6a, 0x6a, 0xff,
    0x70, 0x6c, 0x6c, 0xff, 0x6c, 0x69, 0x68, 0xff, 0x66, 0x63, 0x62, 0xff, 0x5b, 0x57, 0x56, 0xff,
    0x4e, 0x4a, 0x47, 0xff, 0x3c, 0x38, 0x36, 0xff, 0x3e, 0x3b, 0x39, 0xff, 0x6c, 0x68, 0x67, 0xff,
    0x94, 0x8b, 0x8b, 0xff, 0x77, 0x71, 0x6f, 0xff, 0x62, 0x5c, 0x5a, 0xff, 0x58, 0x52, 0x4f, 0xff,
    0x5a, 0x52, 0x4d, 0xff, 0x65, 0x58, 0x48, 0xff, 0xa1, 0x8d, 0x75, 0xdb, 0x01, 0x01, 0x00, 0x03,
    0x00, 0x00, 0x00, 0x00, 0x00, 0x00, 0x00, 0x00, 0x00, 0x00, 0x00, 0x00, 0x00, 0x00, 0x00, 0x00,
    0x00, 0x00, 0x00, 0x00, 0x00, 0x00, 0x00, 0x00, 0x00, 0x00, 0x00, 0x00, 0x00, 0x00, 0x00, 0x00,
    0x00, 0x00, 0x00, 0x00, 0x00, 0x00, 0x00, 0x00, 0x00, 0x00, 0x00, 0x00, 0x00, 0x00, 0x00, 0x00,
    0x00, 0x00, 0x00, 0x00, 0x00, 0x00, 0x00, 0x00, 0x00, 0x00, 0x00, 0x00, 0x00, 0x00, 0x00, 0x00,
    0x00, 0x00, 0x00, 0x00, 0x00, 0x00, 0x00, 0x00, 0x00, 0x00, 0x00, 0x00, 0x00, 0x00, 0x00, 0x00,
    0x00, 0x00, 0x00, 0x00, 0x00, 0x00, 0x00, 0x00, 0x00, 0x00, 0x00, 0x00, 0x00, 0x00, 0x00, 0x00,
    0x31, 0x2c, 0x22, 0x45, 0xab, 0x90, 0x73, 0xff, 0x6e, 0x63, 0x55, 0xff, 0xaa, 0x9b, 0x92, 0xff,
    0x8a, 0x81, 0x7b, 0xff, 0x89, 0x82, 0x80, 0xff, 0x95, 0x8f, 0x8f, 0xff, 0xa3, 0x9d, 0x9e, 0xff,
    0x73, 0x6f, 0x6e, 0xff, 0x32, 0x2e, 0x2a, 0xff, 0x2f, 0x2c, 0x23, 0xff, 0x79, 0x75, 0x37, 0xff,
    0x8a, 0x84, 0x3c, 0xff, 0x5d, 0x56, 0x2f, 0xff, 0x97, 0x92, 0x4a, 0xff, 0x52, 0x4d, 0x39, 0xff,
    0x4f, 0x4b, 0x42, 0xff, 0x56, 0x52, 0x49, 0xff, 0x5d, 0x59, 0x51, 0xff, 0x61, 0x5d, 0x56, 0xff,
    0x67, 0x61, 0x56, 0xff, 0x88, 0x82, 0x5a, 0xff, 0x61, 0x5c, 0x51, 0xff, 0x59, 0x54, 0x4b, 0xff,
    0x4f, 0x4a, 0x41, 0xff, 0x42, 0x3d, 0x38, 0xff, 0x42, 0x3e, 0x3b, 0xff, 0x7c, 0x76, 0x75, 0xff,
    0xab, 0xa0, 0x9f, 0xff, 0x8a, 0x82, 0x82, 0xff, 0x6e, 0x68, 0x67, 0xff, 0x5e, 0x58, 0x56, 0xff,
    0x5e, 0x56, 0x52, 0xff, 0x48, 0x3f, 0x34, 0xff, 0x95, 0x7f, 0x66, 0xff, 0x2f, 0x2a, 0x24, 0x41,
    0x00, 0x00, 0x00, 0x00, 0x00, 0x00, 0x00, 0x00, 0x00, 0x00, 0x00, 0x00, 0x00, 0x00, 0x00, 0x00,
    0x00, 0x00, 0x00, 0x00, 0x00, 0x00, 0x00, 0x00, 0x00, 0x00, 0x00, 0x00, 0x00, 0x00, 0x00, 0x00,
    0x00, 0x00, 0x00, 0x00, 0x00, 0x00, 0x00, 0x00, 0x00, 0x00, 0x00, 0x00, 0x00, 0x00, 0x00, 0x00,
    0x00, 0x00, 0x00, 0x00, 0x00, 0x00, 0x00, 0x00, 0x00, 0x00, 0x00, 0x00, 0x00, 0x00, 0x00, 0x00,
    0x00, 0x00, 0x00, 0x00, 0x00, 0x00, 0x00, 0x00, 0x00, 0x00, 0x00, 0x00, 0x00, 0x00, 0x00, 0x00,
    0x00, 0x00, 0x00, 0x00, 0x00, 0x00, 0x00, 0x00, 0x00, 0x00, 0x00, 0x00, 0x00, 0x00, 0x00, 0x00,
    0x70, 0x60, 0x4d, 0x90, 0x80, 0x69, 0x50, 0xff, 0x5c, 0x54, 0x49, 0xff, 0xa7, 0x99, 0x92, 0xff,
    0x86, 0x7e, 0x7a, 0xff, 0x89, 0x83, 0x82, 0xff, 0x95, 0x90, 0x91, 0xff, 0xa4, 0x9e, 0xa0, 0xff,
    0x7a, 0x77, 0x76, 0xff, 0x32, 0x2f, 0x2b, 0xff, 0x31, 0x2d, 0x1f, 0xff, 0xa8, 0xa3, 0x41, 0xff,
    0xb4, 0xae, 0x43, 0xff, 0xc5, 0xc0, 0x4d, 0xff, 0xd4, 0xcf, 0x58, 0xff, 0x58, 0x50, 0x2b, 0xff,
    0x8f, 0x89, 0x43, 0xff, 0x8e, 0x87, 0x45, 0xff, 0xa3, 0x9d, 0x4d, 0xff, 0x9d, 0x97, 0x4d, 0xff,
    0xae, 0xa7, 0x55, 0xff, 0xb3, 0xad, 0x56, 0xff, 0xb5, 0xb0, 0x55, 0xff, 0xa9, 0xa4, 0x4f, 0xff,
    0xa0, 0x9a, 0x48, 0xff, 0x45, 0x3f, 0x33, 0xff, 0x3f, 0x3c, 0x38, 0xff, 0x8e, 0x87, 0x86, 0xff,
    0xbd, 0xb1, 0xb0, 0xff, 0x9b, 0x92, 0x91, 0xff, 0x7a, 0x74, 0x73, 0xff, 0x63, 0x5e, 0x5c, 0xff,
    0x60, 0x5a, 0x55, 0xff, 0x3d, 0x35, 0x2d, 0xff, 0x65, 0x55, 0x41, 0xff, 0x6c, 0x5e, 0x4c, 0x8d,
    0x00, 0x00, 0x00, 0x00, 0x00, 0x00, 0x00, 0x00, 0x00, 0x00, 0x00, 0x00, 0x00, 0x00, 0x00, 0x00,
    0x00, 0x00, 0x00, 0x00, 0x00, 0x00, 0x00, 0x00, 0x00, 0x00, 0x00, 0x00, 0x00, 0x00, 0x00, 0x00,
    0x00, 0x00, 0x00, 0x00, 0x00, 0x00, 0x00, 0x00, 0x00, 0x00, 0x00, 0x00, 0x00, 0x00, 0x00, 0x00,
    0x00, 0x00, 0x00, 0x00, 0x00, 0x00, 0x00, 0x00, 0x00, 0x00, 0x00, 0x00, 0x00, 0x00, 0x00, 0x00,
    0x00, 0x00, 0x00, 0x00, 0x00, 0x00, 0x00, 0x00, 0x00, 0x00, 0x00, 0x00, 0x00, 0x00, 0x00, 0x00,
    0x00, 0x00, 0x00, 0x00, 0x00, 0x00, 0x00, 0x00, 0x00, 0x00, 0x00, 0x00, 0x14, 0x13, 0x0e, 0x22,
    0x79, 0x67, 0x50, 0xe3, 0x62, 0x52, 0x3c, 0xff, 0x4c, 0x45, 0x3c, 0xff, 0x9f, 0x93, 0x8b, 0xff,
    0x81, 0x7a, 0x75, 0xff, 0x86, 0x81, 0x81, 0xff, 0x94, 0x8f, 0x90, 0xff, 0xa2, 0x9c, 0x9e, 0xff,
    0x87, 0x84, 0x84, 0xff, 0x2d, 0x29, 0x26, 0xff, 0x2c, 0x29, 0x1d, 0xff, 0x99, 0x95, 0x3b, 0xff,
    0x9a, 0x94, 0x3a, 0xff, 0x5b, 0x53, 0x27, 0xff, 0x97, 0x92, 0x3d, 0xff, 0x79, 0x73, 0x31, 0xff,
    0x96, 0x8f, 0x40, 0xff, 0x87, 0x81, 0x3d, 0xff, 0xa4, 0x9f, 0x49, 0xff, 0x9d, 0x98, 0x45, 0xff,
    0xac, 0xa8, 0x4b, 0xff, 0xa9, 0xa2, 0x4a, 0xff, 0xba, 0xb5, 0x4f, 0xff, 0x92, 0x8c, 0x45, 0xff,
    0xba, 0xb5, 0x4c, 0xff, 0x42, 0x3d, 0x2c, 0xff, 0x3a, 0x36, 0x33, 0xff, 0xa3, 0x9b, 0x9a, 0xff,
    0xc6, 0xb7, 0xb7, 0xff, 0xa3, 0x99, 0x99, 0xff, 0x7f, 0x79, 0x78, 0xff, 0x64, 0x5f, 0x5d, 0xff,
    0x61, 0x5b, 0x57, 0xff, 0x37, 0x30, 0x29, 0xff, 0x4c, 0x41, 0x31, 0xff, 0x7e, 0x6e, 0x57, 0xe1,
    0x15, 0x14, 0x10, 0x20, 0x00, 0x00, 0x00, 0x00, 0x00, 0x00, 0x00, 0x00, 0x00, 0x00, 0x00, 0x00,
    0x00, 0x00, 0x00, 0x00, 0x00, 0x00, 0x00, 0x00, 0x00, 0x00, 0x00, 0x00, 0x00, 0x00, 0x00, 0x00,
    0x00, 0x00, 0x00, 0x00, 0x00, 0x00, 0x00, 0x00, 0x00, 0x00, 0x00, 0x00, 0x00, 0x00, 0x00, 0x00,
    0x00, 0x00, 0x00, 0x00, 0x00, 0x00, 0x00, 0x00, 0x00, 0x00, 0x00, 0x00, 0x00, 0x00, 0x00, 0x00,
    0x00, 0x00, 0x00, 0x00, 0x00, 0x00, 0x00, 0x00, 0x00, 0x00, 0x00, 0x00, 0x00, 0x00, 0x00, 0x00,
    0x00, 0x00, 0x00, 0x00, 0x00, 0x00, 0x00, 0x00, 0x00, 0x00, 0x00, 0x00, 0x89, 0x77, 0x5f, 0xb5,
    0x67, 0x55, 0x40, 0xff, 0x51, 0x44, 0x32, 0xff, 0x3d, 0x37, 0x2f, 0xff, 0x9a, 0x8d, 0x85, 0xff,
    0x7b, 0x74, 0x70, 0xff, 0x80, 0x7b, 0x7b, 0xff, 0x8f, 0x8b, 0x8c, 0xff, 0x9d, 0x99, 0x9a, 0xff,
    0xa6, 0xa2, 0xa3, 0xff, 0x2c, 0x29, 0x27, 0xff, 0x25, 0x21, 0x1c, 0xff, 0x2c, 0x28, 0x1c, 0xff,
    0x2f, 0x2b, 0x1e, 0xff, 0x2e, 0x2a, 0x21, 0xff, 0x33, 0x2f, 0x24, 0xff, 0x36, 0x32, 0x26, 0xff,
    0x39, 0x35, 0x29, 0xff, 0x3c, 0x38, 0x2d, 0xff, 0x3f, 0x3b, 0x30, 0xff, 0x3f, 0x3b, 0x30, 0xff,
    0x44, 0x3f, 0x32, 0xff, 0x42, 0x3d, 0x31, 0xff, 0x42, 0x3d, 0x30, 0xff, 0x3c, 0x38, 0x2d, 0xff,
    0x37, 0x33, 0x28, 0xff, 0x33, 0x30, 0x2b, 0xff, 0x3b, 0x38, 0x36, 0xff, 0xcf, 0xc3, 0xc2, 0xff,
    0xc3, 0xb5, 0xb5, 0xff, 0xa2, 0x98, 0x98, 0xff, 0x7e, 0x78, 0x78, 0xff, 0x63, 0x5e, 0x5d, 0xff,
    0x61, 0x5b, 0x56, 0xff, 0x31, 0x2b, 0x26, 0xff, 0x40, 0x37, 0x29, 0xff, 0x5e, 0x4f, 0x3f, 0xff,
    0x86, 0x74, 0x62, 0xb0, 0x00, 0x00, 0x00, 0x00, 0x00, 0x00, 0x00, 0x00, 0x00, 0x00, 0x00, 0x00,
    0x00, 0x00, 0x00, 0x00, 0x00, 0x00, 0x00, 0x00, 0x00, 0x00, 0x00, 0x00, 0x00, 0x00, 0x00, 0x00,
    0x00, 0x00, 0x00, 0x00, 0x00, 0x00, 0x00, 0x00, 0x00, 0x00, 0x00, 0x00, 0x00, 0x00, 0x00, 0x00,
    0x00, 0x00, 0x00, 0x00, 0x00, 0x00, 0x00, 0x00, 0x00, 0x00, 0x00, 0x00, 0x00, 0x00, 0x00, 0x00,
    0x00, 0x00, 0x00, 0x00, 0x00, 0x00, 0x00, 0x00, 0x00, 0x00, 0x00, 0x00, 0x00, 0x00, 0x00, 0x00,
    0x00, 0x00, 0x00, 0x00, 0x0c, 0x0b, 0x09, 0x16, 0x5d, 0x54, 0x47, 0x7f, 0x74, 0x60, 0x47, 0xf9,
    0x3b, 0x33, 0x2a, 0xff, 0x41, 0x37, 0x29, 0xff, 0x32, 0x2d, 0x26, 0xff, 0x90, 0x84, 0x7b, 0xff,
    0x72, 0x6c, 0x67, 0xff, 0x77, 0x72, 0x72, 0xff, 0x86, 0x82, 0x82, 0xff, 0x94, 0x90, 0x90, 0xff,
    0x9d, 0x99, 0x9a, 0xff, 0x9c, 0x96, 0x96, 0xff, 0x5c, 0x58, 0x57, 0xff, 0x22, 0x20, 0x1d, 0xff,
    0x25, 0x22, 0x1f, 0xff, 0x25, 0x22, 0x1e, 0xff, 0x26, 0x23, 0x1f, 0xff, 0x28, 0x25, 0x22, 0xff,
    0x2b, 0x2c, 0x2d, 0xff, 0x2d, 0x33, 0x3a, 0xff, 0x2f, 0x35, 0x3c, 0xff, 0x30, 0x31, 0x33, 0xff,
    0x31, 0x2e, 0x2b, 0xff, 0x31, 0x2e, 0x29, 0xff, 0x2f, 0x2c, 0x28, 0xff, 0x34, 0x31, 0x2d, 0xff,
    0x2f, 0x2d, 0x2b, 0xff, 0x70, 0x6b, 0x6a, 0xff, 0xca, 0xbf, 0xbe, 0xff, 0xce, 0xbf, 0xbe, 0xff,
    0xb5, 0xa9, 0xa9, 0xff, 0x98, 0x8f, 0x8f, 0xff, 0x78, 0x72, 0x72, 0xff, 0x60, 0x5b, 0x5a, 0xff,
    0x60, 0x59, 0x54, 0xff, 0x28, 0x24, 0x1f, 0xff, 0x32, 0x2c, 0x21, 0xff, 0x32, 0x2d, 0x28, 0xff,
    0x67, 0x58, 0x44, 0xf8, 0x60, 0x5a, 0x50, 0x7e, 0x0c, 0x0c, 0x0b, 0x15, 0x00, 0x00, 0x00, 0x00,
    0x00, 0x00, 0x00, 0x00, 0x00, 0x00, 0x00, 0x00, 0x00, 0x00, 0x00, 0x00, 0x00, 0x00, 0x00, 0x00,
    0x00, 0x00, 0x00, 0x00, 0x00, 0x00, 0x00, 0x00, 0x00, 0x00, 0x00, 0x00, 0x00, 0x00, 0x00, 0x00,
    0x00, 0x00, 0x00, 0x00, 0x00, 0x00, 0x00, 0x00, 0x00, 0x00, 0x00, 0x00, 0x00, 0x00, 0x00, 0x00,
    0x00, 0x00, 0x00, 0x00, 0x00, 0x00, 0x00, 0x00, 0x00, 0x00, 0x00, 0x00, 0x00, 0x00, 0x00, 0x00,
    0x02, 0x02, 0x01, 0x09, 0xa1, 0x90, 0x78, 0xde, 0x6c, 0x5a, 0x45, 0xff, 0x34, 0x2b, 0x1d, 0xff,
    0x31, 0x2c, 0x27, 0xff, 0x37, 0x2f, 0x23, 0xff, 0x2c, 0x29, 0x22, 0xff, 0x60, 0x57, 0x4f, 0xff,
    0x1e, 0x1b, 0x19, 0xff, 0x14, 0x12, 0x11, 0xff, 0x27, 0x25, 0x23, 0xff, 0x53, 0x4f, 0x4c, 0xff,
    0x7b, 0x76, 0x76, 0xff, 0x97, 0x92, 0x92, 0xff, 0x9c, 0x97, 0x97, 0xff, 0x9f, 0x9b, 0x9b, 0xff,
    0x64, 0x62, 0x61, 0xff, 0x2d, 0x2b, 0x29, 0xff, 0x22, 0x1f, 0x1c, 0xff, 0x25, 0x22, 0x20, 0xff,
    0x20, 0x5e, 0x79, 0xff, 0x16, 0xa2, 0xd0, 0xff, 0x17, 0xa2, 0xd0, 0xff, 0x22, 0x62, 0x7f, 0xff,
    0x29, 0x27, 0x26, 0xff, 0x2a, 0x27, 0x23, 0xff, 0x35, 0x33, 0x31, 0xff, 0x74, 0x70, 0x6f, 0xff,
    0xc4, 0xba, 0xb9, 0xff, 0xcf, 0xc1, 0xc1, 0xff, 0xc6, 0xb9, 0xb8, 0xff, 0x9d, 0x92, 0x91, 0xff,
    0x61, 0x5b, 0x5a, 0xff, 0x2c, 0x29, 0x28, 0xff, 0x14, 0x12, 0x12, 0xff, 0x1c, 0x1a, 0x1a, 0xff,
    0x46, 0x41, 0x3e, 0xff, 0x24, 0x20, 0x1c, 0xff, 0x2a, 0x26, 0x1d, 0xff, 0x34, 0x30, 0x2e, 0xff,
    0x29, 0x22, 0x1a, 0xff, 0x64, 0x56, 0x45, 0xff, 0x9e, 0x91, 0x80, 0xdc, 0x02, 0x02, 0x01, 0x07,
    0x00, 0x00, 0x00, 0x00, 0x00, 0x00, 0x00, 0x00, 0x00, 0x00, 0x00, 0x00, 0x00, 0x00, 0x00, 0x00,
    0x00, 0x00, 0x00, 0x00, 0x00, 0x00, 0x00, 0x00, 0x00, 0x00, 0x00, 0x00, 0x00, 0x00, 0x00, 0x00,
    0x00, 0x00, 0x00, 0x00, 0x00, 0x00, 0x00, 0x00, 0x00, 0x00, 0x00, 0x00, 0x00, 0x00, 0x00, 0x00,
    0x00, 0x00, 0x00, 0x00, 0x00, 0x00, 0x00, 0x00, 0x00, 0x00, 0x00, 0x00, 0x00, 0x00, 0x00, 0x00,
    0x54, 0x49, 0x32, 0x76, 0x61, 0x54, 0x43, 0xff, 0x3a, 0x35, 0x30, 0xff, 0x1c, 0x18, 0x11, 0xff,
    0x34, 0x30, 0x2d, 0xff, 0x31, 0x2a, 0x21, 0xff, 0x27, 0x23, 0x1e, 0xff, 0x07, 0x06, 0x05, 0xff,
    0x1c, 0x1b, 0x1b, 0xff, 0x11, 0x0f, 0x0d, 0xff, 0x09, 0x07, 0x04, 0xff, 0x07, 0x04, 0x02, 0xff,
    0x10, 0x0d, 0x09, 0xff, 0x2c, 0x27, 0x1e, 0xff, 0x57, 0x51, 0x47, 0xff, 0x75, 0x70, 0x6c, 0xff,
    0x90, 0x8d, 0x8d, 0xff, 0x63, 0x60, 0x60, 0xff, 0x3e, 0x3c, 0x3a, 0xff, 0x35, 0x34, 0x33, 0xff,
    0x3b, 0x3d, 0x41, 0xff, 0x3c, 0x43, 0x51, 0xff, 0x3d, 0x44, 0x52, 0xff, 0x3e, 0x40, 0x45, 0xff,
    0x3e, 0x3c, 0x3b, 0xff, 0x40, 0x3e, 0x3c, 0xff, 0x6d, 0x69, 0x69, 0xff, 0xbd, 0xb3, 0xb2, 0xff,
    0x9a, 0x90, 0x8e, 0xff, 0x6c, 0x64, 0x5f, 0xff, 0x32, 0x2e, 0x2b, 0xff, 0x13, 0x10, 0x0d, 0xff,
    0x0a, 0x08, 0x05, 0xff, 0x0a, 0x07, 0x04, 0xff, 0x0a, 0x07, 0x04, 0xff, 0x10, 0x0f, 0x0e, 0xff,
    0x08, 0x07, 0x06, 0xff, 0x22, 0x1e, 0x1a, 0xff, 0x27, 0x22, 0x1b, 0xff, 0x3c, 0x39, 0x37, 0xff,
    0x1a, 0x17, 0x13, 0xff, 0x41, 0x3d, 0x38, 0xff, 0x56, 0x4d, 0x40, 0xff, 0x55, 0x4c, 0x38, 0x74,
    0x00, 0x00, 0x00, 0x00, 0x00, 0x00, 0x00, 0x00, 0x00, 0x00, 0x00, 0x00, 0x00, 0x00, 0x00, 0x00,
    0x00, 0x00, 0x00, 0x00, 0x00, 0x00, 0x00, 0x00, 0x00, 0x00, 0x00, 0x00, 0x00, 0x00, 0x00, 0x00,
    0x00, 0x00, 0x00, 0x00, 0x00, 0x00, 0x00, 0x00, 0x00, 0x00, 0x00, 0x00, 0x00, 0x00, 0x00, 0x00,
    0x00, 0x00, 0x00, 0x00, 0x00, 0x00, 0x00, 0x00, 0x00, 0x00, 0x00, 0x00, 0x05, 0x04, 0x02, 0x07,
    0xb8, 0xaa, 0x56, 0xed, 0x50, 0x4a, 0x40, 0xff, 0x60, 0x5c, 0x5c, 0xff, 0x22, 0x1f, 0x1c, 0xff,
    0x42, 0x3e, 0x3c, 0xff, 0x2e, 0x28, 0x20, 0xff, 0x12, 0x10, 0x0d, 0xff, 0x31, 0x30, 0x30, 0xff,
    0x33, 0x31, 0x2f, 0xff, 0x0c, 0x09, 0x05, 0xff, 0x07, 0x05, 0x02, 0xff, 0x06, 0x03, 0x01, 0xff,
    0x06, 0x04, 0x01, 0xff, 0x07, 0x05, 0x01, 0xff, 0x08, 0x06, 0x01, 0xff, 0x13, 0x10, 0x06, 0xff,
    0x20, 0x1b, 0x0e, 0xff, 0x2f, 0x2b, 0x25, 0xff, 0x14, 0x13, 0x10, 0xff, 0x1f, 0x1d, 0x1b, 0xff,
    0x22, 0x20, 0x1e, 0xff, 0x27, 0x25, 0x23, 0xff, 0x27, 0x25, 0x24, 0xff, 0x25, 0x24, 0x23, 0xff,
    0x22, 0x21, 0x1f, 0xff, 0x17, 0x15, 0x13, 0xff, 0x34, 0x31, 0x2b, 0xff, 0x24, 0x20, 0x18, 0xff,
    0x1c, 0x18, 0x10, 0xff, 0x12, 0x10, 0x0a, 0xff, 0x11, 0x0d, 0x07, 0xff, 0x0c, 0x09, 0x03, 0xff,
    0x09, 0x06, 0x02, 0xff, 0x07, 0x04, 0x01, 0xff, 0x07, 0x05, 0x02, 0xff, 0x1c, 0x19, 0x16, 0xff,
    0x24, 0x22, 0x22, 0xff, 0x16, 0x13, 0x11, 0xff, 0x26, 0x22, 0x1d, 0xff, 0x50, 0x4d, 0x4b, 0xff,
    0x29, 0x26, 0x24, 0xff, 0x74, 0x6f, 0x6e, 0xff, 0x51, 0x4b, 0x42, 0xff, 0xb7, 0xa8, 0x58, 0xed,
    0x05, 0x04, 0x03, 0x07, 0x00, 0x00, 0x00, 0x00, 0x00, 0x00, 0x00, 0x00, 0x00, 0x00, 0x00, 0x00,
    0x00, 0x00, 0x00, 0x00, 0x00, 0x00, 0x00, 0x00, 0x00, 0x00, 0x00, 0x00, 0x00, 0x00, 0x00, 0x00,
    0x00, 0x00, 0x00, 0x00, 0x00, 0x00, 0x00, 0x00, 0x00, 0x00, 0x00, 0x00, 0x00, 0x00, 0x00, 0x00,
    0x00, 0x00, 0x00, 0x00, 0x00, 0x00, 0x00, 0x00, 0x00, 0x00, 0x00, 0x00, 0x2e, 0x2a, 0x18, 0x45,
    0xa9, 0x9a, 0x37, 0xff, 0x72, 0x6c, 0x62, 0xff, 0xb2, 0xad, 0xae, 0xff, 0x39, 0x37, 0x36, 0xff,
    0x55, 0x52, 0x51, 0xff, 0x28, 0x24, 0x1e, 0xff, 0x08, 0x06, 0x04, 0xff, 0x54, 0x53, 0x52, 0xff,
    0x17, 0x14, 0x11, 0xff, 0x09, 0x06, 0x02, 0xff, 0x08, 0x05, 0x01, 0xff, 0x0b, 0x07, 0x01, 0xff,
    0x0e, 0x0a, 0x01, 0xff, 0x10, 0x0b, 0x01, 0xff, 0x0f, 0x0b, 0x01, 0xff, 0x0e, 0x0a, 0x01, 0xff,
    0x0b, 0x07, 0x01, 0xff, 0x0a, 0x07, 0x02, 0xff, 0x0b, 0x09, 0x05, 0xff, 0x0d, 0x0b, 0x09, 0xff,
    0x1a, 0x19, 0x18, 0xff, 0x21, 0x20, 0x1f, 0xff, 0x25, 0x23, 0x23, 0xff, 0x29, 0x28, 0x27, 0xff,
    0x2b, 0x29, 0x28, 0xff, 0x2f, 0x2d, 0x2a, 0xff, 0x27, 0x24, 0x1e, 0xff, 0x24, 0x1f, 0x16, 0xff,
    0x20, 0x1b, 0x0f, 0xff, 0x1a, 0x15, 0x06, 0xff, 0x16, 0x11, 0x02, 0xff, 0x12, 0x0d, 0x01, 0xff,
    0x0c, 0x09, 0x00, 0xff, 0x08, 0x05, 0x01, 0xff, 0x06, 0x04, 0x01, 0xff, 0x0d, 0x0a, 0x07, 0xff,
    0x40, 0x3e, 0x3d, 0xff, 0x0c, 0x0b, 0x0a, 0xff, 0x27, 0x24, 0x21, 0xff, 0x66, 0x62, 0x62, 0xff,
    0x45, 0x43, 0x41, 0xff, 0xcf, 0xc6, 0xc7, 0xff, 0x7a, 0x72, 0x67, 0xff, 0xa5, 0x99, 0x3b, 0xff,
    0x2e, 0x2a, 0x1e, 0x44, 0x00, 0x00, 0x00, 0x00, 0x00, 0x00, 0x00, 0x00, 0x00, 0x00, 0x00, 0x00,
    0x00, 0x00, 0x00, 0x00, 0x00, 0x00, 0x00, 0x00, 0x00, 0x00, 0x00, 0x00, 0x00, 0x00, 0x00, 0x00,
    0x00, 0x00, 0x00, 0x00, 0x00, 0x00, 0x00, 0x00, 0x00, 0x00, 0x00, 0x00, 0x00, 0x00, 0x00, 0x00,
    0x00, 0x00, 0x00, 0x00, 0x00, 0x00, 0x00, 0x00, 0x00, 0x00, 0x00, 0x00, 0x5d, 0x53, 0x30, 0x85,
    0x9f, 0x92, 0x33, 0xff, 0x8f, 0x88, 0x7e, 0xff, 0xe6, 0xe1, 0xe2, 0xff, 0x4e, 0x4c, 0x4b, 0xff,
    0x5c, 0x5a, 0x59, 0xff, 0x24, 0x21, 0x1d, 0xff, 0x10, 0x0f, 0x0d, 0xff, 0x43, 0x40, 0x3d, 0xff,
    0x0d, 0x0a, 0x05, 0xff, 0x09, 0x06, 0x01, 0xff, 0x0e, 0x0a, 0x01, 0xff, 0x1d, 0x17, 0x01, 0xff,
    0x44, 0x3c, 0x0f, 0xff, 0x4f, 0x47, 0x14, 0xff, 0x41, 0x39, 0x0a, 0xff, 0x2e, 0x26, 0x02, 0xff,
    0x1b, 0x15, 0x01, 0xff, 0x0f, 0x0a, 0x01, 0xff, 0x09, 0x06, 0x01, 0xff, 0x08, 0x05, 0x01, 0xff,
    0x15, 0x12, 0x10, 0xff, 0x1c, 0x19, 0x17, 0xff, 0x1f, 0x1c, 0x1a, 0xff, 0x20, 0x1d, 0x1a, 0xff,
    0x22, 0x1e, 0x1a, 0xff, 0x22, 0x1f, 0x18, 0xff, 0x24, 0x1f, 0x13, 0xff, 0x2b, 0x24, 0x0c, 0xff,
    0x39, 0x30, 0x07, 0xff, 0x46, 0x3e, 0x0b, 0xff, 0x51, 0x4a, 0x14, 0xff, 0x47, 0x40, 0x11, 0xff,
    0x1f, 0x19, 0x01, 0xff, 0x0d, 0x0a, 0x00, 0xff, 0x07, 0x04, 0x01, 0xff, 0x08, 0x06, 0x03, 0xff,
    0x33, 0x30, 0x2d, 0xff, 0x14, 0x12, 0x12, 0xff, 0x2c, 0x29, 0x28, 0xff, 0x71, 0x6e, 0x6e, 0xff,
    0x5a, 0x58, 0x58, 0xff, 0xf8, 0xf6, 0xf6, 0xff, 0x91, 0x8b, 0x81, 0xff, 0x9e, 0x93, 0x33, 0xff,
    0x5b, 0x52, 0x39, 0x81, 0x00, 0x00, 0x00, 0x00, 0x00, 0x00, 0x00, 0x00, 0x00, 0x00, 0x00, 0x00,
    0x00, 0x00, 0x00, 0x00, 0x00, 0x00, 0x00, 0x00, 0x00, 0x00, 0x00, 0x00, 0x00, 0x00, 0x00, 0x00,
    0x00, 0x00, 0x00, 0x00, 0x00, 0x00, 0x00, 0x00, 0x00, 0x00, 0x00, 0x00, 0x00, 0x00, 0x00, 0x00,
    0x00, 0x00, 0x00, 0x00, 0x00, 0x00, 0x00, 0x00, 0x00, 0x00, 0x00, 0x00, 0x67, 0x5a, 0x30, 0xa2,
    0x9e, 0x91, 0x32, 0xff, 0x7d, 0x77, 0x6a, 0xff, 0xbe, 0xba, 0xbb, 0xff, 0x42, 0x40, 0x40, 0xff,
    0x45, 0x43, 0x42, 0xff, 0x30, 0x2e, 0x2c, 0xff, 0x1a, 0x18, 0x16, 0xff, 0x2b, 0x27, 0x22, 0xff,
    0x0b, 0x08, 0x03, 0xff, 0x0c, 0x09, 0x00, 0xff, 0x1c, 0x16, 0x01, 0xff, 0xa9, 0xa3, 0x29, 0xff,
    0xe7, 0xe1, 0x16, 0xff, 0xda, 0xd4, 0x12, 0xff, 0xe2, 0xe0, 0x1d, 0xff, 0xea, 0xe6, 0x23, 0xff,
    0xa5, 0x9f, 0x2a, 0xff, 0x23, 0x1b, 0x01, 0xff, 0x0d, 0x09, 0x01, 0xff, 0x08, 0x05, 0x01, 0xff,
    0x0f, 0x0c, 0x09, 0xff, 0x15, 0x12, 0x0f, 0xff, 0x17, 0x14, 0x11, 0xff, 0x18, 0x15, 0x11, 0xff,
    0x1a, 0x16, 0x0f, 0xff, 0x1f, 0x1a, 0x0d, 0xff, 0x30, 0x29, 0x09, 0xff, 0xa7, 0xa0, 0x2c, 0xff,
    0xea, 0xe7, 0x23, 0xff, 0xe5, 0xdf, 0x1d, 0xff, 0xdb, 0xd6, 0x14, 0xff, 0xe5, 0xe0, 0x19, 0xff,
    0xac, 0xa5, 0x2c, 0xff, 0x1d, 0x16, 0x01, 0xff, 0x0b, 0x08, 0x00, 0xff, 0x08, 0x06, 0x01, 0xff,
    0x21, 0x1e, 0x1a, 0xff, 0x1c, 0x1b, 0x1a, 0xff, 0x3e, 0x3c, 0x3c, 0xff, 0x54, 0x50, 0x50, 0xff,
    0x52, 0x50, 0x50, 0xff, 0xce, 0xc7, 0xc8, 0xff, 0x82, 0x7c, 0x71, 0xff, 0x9b, 0x90, 0x32, 0xff,
    0x69, 0x5a, 0x3a, 0xa2, 0x00, 0x00, 0x00, 0x00, 0x00, 0x00, 0x00, 0x00, 0x00, 0x00, 0x00, 0x00,
    0x00, 0x00, 0x00, 0x00, 0x00, 0x00, 0x00, 0x00, 0x00, 0x00, 0x00, 0x00, 0x00, 0x00, 0x00, 0x00,
    0x00, 0x00, 0x00, 0x00, 0x00, 0x00, 0x00, 0x00, 0x00, 0x00, 0x00, 0x00, 0x00, 0x00, 0x00, 0x00,
    0x00, 0x00, 0x00, 0x00, 0x00, 0x00, 0x00, 0x00, 0x00, 0x00, 0x00, 0x00, 0x64, 0x58, 0x2d, 0xaa,
    0x98, 0x8c, 0x2b, 0xff, 0x58, 0x52, 0x44, 0xff, 0x6c, 0x69, 0x6a, 0xff, 0x2a, 0x29, 0x28, 0xff,
    0x2d, 0x2a, 0x28, 0xff, 0x30, 0x2f, 0x2d, 0xff, 0x1a, 0x18, 0x16, 0xff, 0x20, 0x1c, 0x15, 0xff,
    0x3a, 0x37, 0x03, 0xff, 0x16, 0x11, 0x01, 0xff, 0x3c, 0x34, 0x07, 0xff, 0xe7, 0xe4, 0x1c, 0xff,
    0x5a, 0x4f, 0x02, 0xff, 0x40, 0x38, 0x01, 0xff, 0x43, 0x3b, 0x02, 0xff, 0x60, 0x56, 0x03, 0xff,
    0xe2, 0xde, 0x0d, 0xff, 0x63, 0x59, 0x1d, 0xff, 0x13, 0x0e, 0x01, 0xff, 0x09, 0x05, 0x00, 0xff,
    0x0c, 0x09, 0x05, 0xff, 0x0f, 0x0c, 0x08, 0xff, 0x11, 0x0e, 0x09, 0xff, 0x13, 0x0f, 0x09, 0xff,
    0x16, 0x12, 0x07, 0xff, 0x1f, 0x1a, 0x06, 0xff, 0x69, 0x61, 0x22, 0xff, 0xe2, 0xdd, 0x12, 0xff,
    0x66, 0x5b, 0x03, 0xff, 0x48, 0x3f, 0x02, 0xff, 0x41, 0x38, 0x02, 0xff, 0x5b, 0x51, 0x03, 0xff,
    0xe7, 0xe3, 0x21, 0xff, 0x3e, 0x34, 0x09, 0xff, 0x14, 0x10, 0x01, 0xff, 0x3a, 0x37, 0x03, 0xff,
    0x19, 0x16, 0x0f, 0xff, 0x1f, 0x1e, 0x1d, 0xff, 0x42, 0x41, 0x40, 0xff, 0x35, 0x32, 0x31, 0xff,
    0x32, 0x2f, 0x30, 0xff, 0x76, 0x73, 0x74, 0xff, 0x54, 0x4f, 0x42, 0xff, 0x97, 0x8c, 0x31, 0xff,
    0x69, 0x58, 0x38, 0xac, 0x00, 0x00, 0x00, 0x00, 0x00, 0x00, 0x00, 0x00, 0x00, 0x00, 0x00, 0x00,
    0x00, 0x00, 0x00, 0x00, 0x00, 0x00, 0x00, 0x00, 0x00, 0x00, 0x00, 0x00, 0x00, 0x00, 0x00, 0x00,
    0x00, 0x00, 0x00, 0x00, 0x00, 0x00, 0x00, 0x00, 0x00, 0x00, 0x00, 0x00, 0x00, 0x00, 0x00, 0x00,
    0x00, 0x00, 0x00, 0x00, 0x00, 0x00, 0x00, 0x00, 0x00, 0x00, 0x00, 0x00, 0x5f, 0x51, 0x28, 0x9d,
    0x94, 0x88, 0x25, 0xff, 0x3b, 0x36, 0x2a, 0xff, 0x3a, 0x39, 0x3a, 0xff, 0x17, 0x17, 0x17, 0xff,
    0x1c, 0x1a, 0x18, 0xff, 0x2c, 0x2a, 0x28, 0xff, 0x15, 0x14, 0x12, 0xff, 0x31, 0x2e, 0x0e, 0xff,
    0x7a, 0x75, 0x05, 0xff, 0x53, 0x4d, 0x02, 0xff, 0x50, 0x47, 0x11, 0xff, 0xdb, 0xd6, 0x11, 0xff,
    0x40, 0x38, 0x01, 0xff, 0x2b, 0x25, 0x00, 0xff, 0x2b, 0x26, 0x00, 0xff, 0x3a, 0x33, 0x01, 0xff,
    0xbf, 0xb9, 0x04, 0xff, 0x84, 0x7a, 0x25, 0xff, 0x17, 0x11, 0x01, 0xff, 0x0a, 0x06, 0x00, 0xff,
    0x09, 0x06, 0x02, 0xff, 0x0b, 0x08, 0x04, 0xff, 0x0d, 0x09, 0x05, 0xff, 0x0f, 0x0c, 0x05, 0xff,
    0x13, 0x0f, 0x03, 0xff, 0x1f, 0x19, 0x02, 0xff, 0x88, 0x81, 0x29, 0xff, 0xc2, 0xba, 0x05, 0xff,
    0x3d, 0x37, 0x01, 0xff, 0x2d, 0x27, 0x00, 0xff, 0x2d, 0x27, 0x00, 0xff, 0x41, 0x39, 0x01, 0xff,
    0xdc, 0xd7, 0x15, 0xff, 0x52, 0x48, 0x13, 0xff, 0x53, 0x4e, 0x03, 0xff, 0x7c, 0x78, 0x04, 0xff,
    0x2b, 0x27, 0x0a, 0xff, 0x1d, 0x1c, 0x1b, 0xff, 0x38, 0x37, 0x37, 0xff, 0x22, 0x20, 0x1f, 0xff,
    0x1d, 0x1c, 0x1c, 0xff, 0x3f, 0x3d, 0x3e, 0xff, 0x3a, 0x36, 0x28, 0xff, 0x8f, 0x85, 0x2d, 0xff,
    0x5f, 0x51, 0x2d, 0x9e, 0x00, 0x00, 0x00, 0x00, 0x00, 0x00, 0x00, 0x00, 0x00, 0x00, 0x00, 0x00,
    0x00, 0x00, 0x00, 0x00, 0x00, 0x00, 0x00, 0x00, 0x00, 0x00, 0x00, 0x00, 0x00, 0x00, 0x00, 0x00,
    0x00, 0x00, 0x00, 0x00, 0x00, 0x00, 0x00, 0x00, 0x00, 0x00, 0x00, 0x00, 0x00, 0x00, 0x00, 0x00,
    0x00, 0x00, 0x00, 0x00, 0x00, 0x00, 0x00, 0x00, 0x00, 0x00, 0x00, 0x00, 0x4c, 0x43, 0x1e, 0x79,
    0x92, 0x86, 0x24, 0xff, 0x2f, 0x2f, 0x2b, 0xff, 0x20, 0x30, 0x47, 0xff, 0x10, 0x13, 0x18, 0xff,
    0x12, 0x12, 0x11, 0xff, 0x27, 0x25, 0x22, 0xff, 0x13, 0x12, 0x10, 0xff, 0x21, 0x1e, 0x08, 0xff,
    0x68, 0x65, 0x04, 0xff, 0x3b, 0x35, 0x02, 0xff, 0x50, 0x47, 0x11, 0xff, 0xd9, 0xd4, 0x11, 0xff,
    0x3f, 0x36, 0x01, 0xff, 0x2a, 0x24, 0x00, 0xff, 0x29, 0x23, 0x00, 0xff, 0x38, 0x31, 0x01, 0xff,
    0xbe, 0xb7, 0x05, 0xff, 0x88, 0x7e, 0x26, 0xff, 0x18, 0x12, 0x01, 0xff, 0x0a, 0x06, 0x01, 0xff,
    0x07, 0x04, 0x01, 0xff, 0x08, 0x05, 0x02, 0xff, 0x09, 0x06, 0x02, 0xff, 0x0c, 0x08, 0x02, 0xff,
    0x11, 0x0d, 0x01, 0xff, 0x1e, 0x18, 0x01, 0xff, 0x8b, 0x83, 0x2a, 0xff, 0xbe, 0xb7, 0x04, 0xff,
    0x3c, 0x35, 0x01, 0xff, 0x2c, 0x25, 0x00, 0xff, 0x2c, 0x25, 0x00, 0xff, 0x41, 0x39, 0x02, 0xff,
    0xdb, 0xd7, 0x15, 0xff, 0x53, 0x47, 0x14, 0xff, 0x3c, 0x38, 0x02, 0xff, 0x69, 0x66, 0x03, 0xff,
    0x1d, 0x19, 0x07, 0xff, 0x1e, 0x1c, 0x1b, 0xff, 0x2d, 0x2c, 0x2d, 0xff, 0x17, 0x16, 0x16, 0xff,
    0x12, 0x16, 0x1e, 0xff, 0x22, 0x31, 0x49, 0xff, 0x2c, 0x2c, 0x27, 0xff, 0x8e, 0x85, 0x2a, 0xff,
    0x4f, 0x45, 0x24, 0x78, 0x00, 0x00, 0x00, 0x00, 0x00, 0x00, 0x00, 0x00, 0x00, 0x00, 0x00, 0x00,
    0x00, 0x00, 0x00, 0x00, 0x00, 0x00, 0x00, 0x00, 0x00, 0x00, 0x00, 0x00, 0x00, 0x00, 0x00, 0x00,
    0x00, 0x00, 0x00, 0x00, 0x00, 0x00, 0x00, 0x00, 0x00, 0x00, 0x00, 0x00, 0x00, 0x00, 0x00, 0x00,
    0x00, 0x00, 0x00, 0x00, 0x00, 0x00, 0x00, 0x00, 0x00, 0x00, 0x00, 0x00, 0x23, 0x1f, 0x0c, 0x37,
    0x9e, 0x90, 0x29, 0xff, 0x21, 0x34, 0x47, 0xff, 0x0a, 0x9a, 0xd3, 0xff, 0x06, 0x17, 0x2c, 0xff,
    0x0d, 0x0e, 0x10, 0xff, 0x23, 0x20, 0x1c, 0xff, 0x15, 0x12, 0x11, 0xff, 0x0f, 0x0c, 0x05, 0xff,
    0x1b, 0x18, 0x01, 0xff, 0x12, 0x0d, 0x01, 0xff, 0x3e, 0x36, 0x09, 0xff, 0xe4, 0xe0, 0x1a, 0xff,
    0x4a, 0x41, 0x03, 0xff, 0x2f, 0x28, 0x01, 0xff, 0x2d, 0x26, 0x01, 0xff, 0x3d, 0x35, 0x01, 0xff,
    0xc6, 0xbf, 0x05, 0xff, 0x7b, 0x71, 0x25, 0xff, 0x15, 0x10, 0x01, 0xff, 0x09, 0x05, 0x01, 0xff,
    0x06, 0x03, 0x01, 0xff, 0x06, 0x04, 0x01, 0xff, 0x07, 0x04, 0x01, 0xff, 0x09, 0x06, 0x01, 0xff,
    0x0f, 0x0a, 0x01, 0xff, 0x1a, 0x15, 0x01, 0xff, 0x7f, 0x78, 0x29, 0xff, 0xc6, 0xc0, 0x06, 0xff,
    0x40, 0x38, 0x01, 0xff, 0x30, 0x28, 0x01, 0xff, 0x31, 0x2a, 0x01, 0xff, 0x4b, 0x42, 0x02, 0xff,
    0xe4, 0xdf, 0x1e, 0xff, 0x43, 0x39, 0x0b, 0xff, 0x12, 0x0e, 0x01, 0xff, 0x1a, 0x17, 0x01, 0xff,
    0x0c, 0x09, 0x05, 0xff, 0x24, 0x23, 0x23, 0xff, 0x23, 0x22, 0x24, 0xff, 0x11, 0x12, 0x14, 0xff,
    0x09, 0x1d, 0x38, 0xff, 0x08, 0x9c, 0xd5, 0xff, 0x22, 0x30, 0x40, 0xff, 0x9c, 0x90, 0x2c, 0xff,
    0x25, 0x20, 0x10, 0x37, 0x00, 0x00, 0x00, 0x00, 0x00, 0x00, 0x00, 0x00, 0x00, 0x00, 0x00, 0x00,
    0x00, 0x00, 0x00, 0x00, 0x00, 0x00, 0x00, 0x00, 0x00, 0x00, 0x00, 0x00, 0x00, 0x00, 0x00, 0x00,
    0x00, 0x00, 0x00, 0x00, 0x00, 0x00, 0x00, 0x00, 0x00, 0x00, 0x00, 0x00, 0x00, 0x00, 0x00, 0x00,
    0x00, 0x00, 0x00, 0x00, 0x00, 0x00, 0x00, 0x00, 0x00, 0x00, 0x00, 0x00, 0x02, 0x02, 0x01, 0x02,
    0xa9, 0x9c, 0x35, 0xde, 0x26, 0x2d, 0x30, 0xff, 0x0b, 0x7b, 0xab, 0xff, 0x05, 0x0f, 0x1b, 0xff,
    0x0c, 0x0c, 0x0a, 0xff, 0x21, 0x1d, 0x15, 0xff, 0x1d, 0x1b, 0x1a, 0xff, 0x0d, 0x0a, 0x05, 0xff,
    0x06, 0x04, 0x01, 0xff, 0x0c, 0x08, 0x01, 0xff, 0x22, 0x1b, 0x01, 0xff, 0xd5, 0xd2, 0x2b, 0xff,
    0xa1, 0x98, 0x0b, 0xff, 0x60, 0x57, 0x06, 0xff, 0x54, 0x4a, 0x02, 0xff, 0x75, 0x6a, 0x06, 0xff,
    0xea, 0xe5, 0x1a, 0xff, 0x4b, 0x41, 0x13, 0xff, 0x11, 0x0c, 0x01, 0xff, 0x07, 0x04, 0x01, 0xff,
    0x04, 0x02, 0x01, 0xff, 0x05, 0x02, 0x01, 0xff, 0x05, 0x03, 0x01, 0xff, 0x07, 0x04, 0x01, 0xff,
    0x0b, 0x08, 0x01, 0xff, 0x14, 0x0f, 0x01, 0xff, 0x50, 0x47, 0x15, 0xff, 0xe9, 0xe6, 0x1f, 0xff,
    0x76, 0x6c, 0x09, 0xff, 0x57, 0x4d, 0x02, 0xff, 0x60, 0x56, 0x06, 0xff, 0x9e, 0x94, 0x10, 0xff,
    0xd6, 0xd1, 0x2e, 0xff, 0x23, 0x1c, 0x02, 0xff, 0x0b, 0x08, 0x01, 0xff, 0x05, 0x03, 0x01, 0xff,
    0x0b, 0x09, 0x06, 0xff, 0x31, 0x2f, 0x30, 0xff, 0x1c, 0x19, 0x17, 0xff, 0x0d, 0x0d, 0x0d, 0xff,
    0x09, 0x14, 0x23, 0xff, 0x0c, 0x7d, 0xac, 0xff, 0x26, 0x2b, 0x2a, 0xff, 0xad, 0xa0, 0x3e, 0xdf,
    0x02, 0x01, 0x01, 0x02, 0x00, 0x00, 0x00, 0x00, 0x00, 0x00, 0x00, 0x00, 0x00, 0x00, 0x00, 0x00,
    0x00, 0x00, 0x00, 0x00, 0x00, 0x00, 0x00, 0x00, 0x00, 0x00, 0x00, 0x00, 0x00, 0x00, 0x00, 0x00,
    0x00, 0x00, 0x00, 0x00, 0x00, 0x00, 0x00, 0x00, 0x00, 0x00, 0x00, 0x00, 0x00, 0x00, 0x00, 0x00,
    0x00, 0x00, 0x00, 0x00, 0x00, 0x00, 0x00, 0x00, 0x00, 0x00, 0x00, 0x00, 0x00, 0x00, 0x00, 0x00,
    0x42, 0x38, 0x14, 0x5f, 0x38, 0x2f, 0x1b, 0xfe, 0x12, 0x13, 0x13, 0xff, 0x09, 0x08, 0x06, 0xff,
    0x0f, 0x0c, 0x05, 0xff, 0x22, 0x1c, 0x14, 0xff, 0x42, 0x3e, 0x3c, 0xff, 0x0f, 0x0d, 0x09, 0xff,
    0x07, 0x04, 0x01, 0xff, 0x08, 0x05, 0x01, 0xff, 0x11, 0x0c, 0x01, 0xff, 0x44, 0x3d, 0x10, 0xff,
    0xb6, 0xb1, 0x21, 0xff, 0xde, 0xda, 0x25, 0xff, 0xe5, 0xe2, 0x2a, 0xff, 0xda, 0xd6, 0x23, 0xff,
    0x7e, 0x75, 0x20, 0xff, 0x1b, 0x14, 0x01, 0xff, 0x0c, 0x08, 0x01, 0xff, 0x06, 0x03, 0x01, 0xff,
    0x04, 0x01, 0x01, 0xff, 0x04, 0x01, 0x01, 0xff, 0x04, 0x02, 0x00, 0xff, 0x06, 0x03, 0x00, 0xff,
    0x09, 0x05, 0x01, 0xff, 0x0e, 0x0a, 0x01, 0xff, 0x1d, 0x17, 0x01, 0xff, 0x81, 0x79, 0x23, 0xff,
    0xdc, 0xd8, 0x2b, 0xff, 0xe6, 0xe3, 0x2e, 0xff, 0xdf, 0xdb, 0x2b, 0xff, 0xb8, 0xb2, 0x26, 0xff,
    0x43, 0x3c, 0x10, 0xff, 0x11, 0x0c, 0x01, 0xff, 0x07, 0x04, 0x01, 0xff, 0x06, 0x04, 0x01, 0xff,
    0x0f, 0x0e, 0x0c, 0xff, 0x4c, 0x4a, 0x49, 0xff, 0x1b, 0x17, 0x14, 0xff, 0x0f, 0x0c, 0x08, 0xff,
    0x0b, 0x0a, 0x09, 0xff, 0x13, 0x14, 0x15, 0xff, 0x35, 0x2d, 0x1b, 0xfe, 0x45, 0x3b, 0x19, 0x60,
    0x00, 0x00, 0x00, 0x00, 0x00, 0x00, 0x00, 0x00, 0x00, 0x00, 0x00, 0x00, 0x00, 0x00, 0x00, 0x00,
    0x00, 0x00, 0x00, 0x00, 0x00, 0x00, 0x00, 0x00, 0x00, 0x00, 0x00, 0x00, 0x00, 0x00, 0x00, 0x00,
    0x00, 0x00, 0x00, 0x00, 0x00, 0x00, 0x00, 0x00, 0x00, 0x00, 0x00, 0x00, 0x00, 0x00, 0x00, 0x00,
    0x00, 0x00, 0x00, 0x00, 0x00, 0x00, 0x00, 0x00, 0x00, 0x00, 0x00, 0x00, 0x00, 0x00, 0x00, 0x00,
    0x00, 0x00, 0x00, 0x00, 0x4c, 0x3d, 0x1e, 0xc8, 0x28, 0x20, 0x0c, 0xff, 0x14, 0x0f, 0x05, 0xff,
    0x1b, 0x15, 0x08, 0xff, 0x37, 0x2f, 0x23, 0xff, 0x71, 0x69, 0x62, 0xff, 0x3d, 0x3b, 0x3a, 0xff,
    0x0d, 0x0a, 0x06, 0xff, 0x06, 0x03, 0x01, 0xff, 0x09, 0x06, 0x01, 0xff, 0x10, 0x0c, 0x01, 0xff,
    0x1c, 0x16, 0x01, 0xff, 0x27, 0x1f, 0x02, 0xff, 0x2b, 0x23, 0x02, 0xff, 0x25, 0x1d, 0x02, 0xff,
    0x17, 0x11, 0x01, 0xff, 0x0e, 0x09, 0x01, 0xff, 0x08, 0x05, 0x01, 0xff, 0x05, 0x02, 0x01, 0xff,
    0x04, 0x01, 0x01, 0xff, 0x03, 0x01, 0x01, 0xff, 0x04, 0x01, 0x01, 0xff, 0x05, 0x02, 0x01, 0xff,
    0x07, 0x04, 0x01, 0xff, 0x0a, 0x06, 0x01, 0xff, 0x0f, 0x0b, 0x01, 0xff, 0x18, 0x13, 0x01, 0xff,
    0x26, 0x1f, 0x02, 0xff, 0x2c, 0x24, 0x02, 0xff, 0x28, 0x20, 0x02, 0xff, 0x1c, 0x16, 0x01, 0xff,
    0x10, 0x0c, 0x01, 0xff, 0x08, 0x06, 0x01, 0xff, 0x06, 0x04, 0x01, 0xff, 0x0d, 0x0b, 0x08, 0xff,
    0x50, 0x4e, 0x4d, 0xff, 0x66, 0x62, 0x5e, 0xff, 0x27, 0x22, 0x1c, 0xff, 0x19, 0x15, 0x0b, 0xff,
    0x15, 0x11, 0x07, 0xff, 0x2a, 0x22, 0x10, 0xff, 0x4f, 0x41, 0x24, 0xcb, 0x00, 0x00, 0x00, 0x00,
    0x00, 0x00, 0x00, 0x00, 0x00, 0x00, 0x00, 0x00, 0x00, 0x00, 0x00, 0x00, 0x00, 0x00, 0x00, 0x00,
    0x00, 0x00, 0x00, 0x00, 0x00, 0x00, 0x00, 0x00, 0x00, 0x00, 0x00, 0x00, 0x00, 0x00, 0x00, 0x00,
    0x00, 0x00, 0x00, 0x00, 0x00, 0x00, 0x00, 0x00, 0x00, 0x00, 0x00, 0x00, 0x00, 0x00, 0x00, 0x00,
    0x00, 0x00, 0x00, 0x00, 0x00, 0x00, 0x00, 0x00, 0x00, 0x00, 0x00, 0x00, 0x00, 0x00, 0x00, 0x00,
    0x00, 0x00, 0x00, 0x00, 0x06, 0x04, 0x02, 0x11, 0x2e, 0x25, 0x10, 0x7a, 0x27, 0x1e, 0x0d, 0x9c,
    0x42, 0x34, 0x18, 0xff, 0x3f, 0x35, 0x25, 0xff, 0x5b, 0x50, 0x43, 0xff, 0x6c, 0x67, 0x65, 0xff,
    0x38, 0x35, 0x33, 0xff, 0x0c, 0x09, 0x06, 0xff, 0x08, 0x05, 0x02, 0xff, 0x08, 0x05, 0x01, 0xff,
    0x0b, 0x07, 0x01, 0xff, 0x0e, 0x0a, 0x01, 0xff, 0x0f, 0x0a, 0x01, 0xff, 0x0d, 0x09, 0x01, 0xff,
    0x0a, 0x07, 0x01, 0xff, 0x08, 0x05, 0x01, 0xff, 0x06, 0x03, 0x01, 0xff, 0x04, 0x02, 0x01, 0xff,
    0x04, 0x01, 0x01, 0xff, 0x03, 0x01, 0x01, 0xff, 0x04, 0x01, 0x01, 0xff, 0x04, 0x02, 0x01, 0xff,
    0x05, 0x02, 0x01, 0xff, 0x07, 0x04, 0x01, 0xff, 0x09, 0x06, 0x01, 0xff, 0x0b, 0x08, 0x01, 0xff,
    0x0e, 0x0a, 0x01, 0xff, 0x0e, 0x0a, 0x00, 0xff, 0x0d, 0x0a, 0x01, 0xff, 0x0b, 0x07, 0x01, 0xff,
    0x08, 0x05, 0x01, 0xff, 0x08, 0x06, 0x03, 0xff, 0x0c, 0x0b, 0x08, 0xff, 0x47, 0x45, 0x44, 0xff,
    0x79, 0x75, 0x74, 0xff, 0x44, 0x3d, 0x36, 0xff, 0x33, 0x2c, 0x21, 0xff, 0x45, 0x38, 0x20, 0xff,
    0x2b, 0x22, 0x12, 0x9e, 0x32, 0x28, 0x15, 0x7a, 0x07, 0x05, 0x03, 0x12, 0x00, 0x00, 0x00, 0x00,
    0x00, 0x00, 0x00, 0x00, 0x00, 0x00, 0x00, 0x00, 0x00, 0x00, 0x00, 0x00, 0x00, 0x00, 0x00, 0x00,
    0x00, 0x00, 0x00, 0x00, 0x00, 0x00, 0x00, 0x00, 0x00, 0x00, 0x00, 0x00, 0x00, 0x00, 0x00, 0x00,
    0x00, 0x00, 0x00, 0x00, 0x00, 0x00, 0x00, 0x00, 0x00, 0x00, 0x00, 0x00, 0x00, 0x00, 0x00, 0x00,
    0x00, 0x00, 0x00, 0x00, 0x00, 0x00, 0x00, 0x00, 0x00, 0x00, 0x00, 0x00, 0x00, 0x00, 0x00, 0x00,
    0x00, 0x00, 0x00, 0x00, 0x00, 0x00, 0x00, 0x00, 0x00, 0x00, 0x00, 0x00, 0x01, 0x00, 0x00, 0x01,
    0x5b, 0x48, 0x25, 0xc4, 0x50, 0x43, 0x2d, 0xff, 0x61, 0x54, 0x43, 0xff, 0x42, 0x3b, 0x34, 0xff,
    0x56, 0x52, 0x50, 0xff, 0x5c, 0x59, 0x57, 0xff, 0x2a, 0x28, 0x26, 0xff, 0x0d, 0x0b, 0x08, 0xff,
    0x09, 0x07, 0x03, 0xff, 0x0a, 0x07, 0x02, 0xff, 0x07, 0x04, 0x01, 0xff, 0x07, 0x04, 0x00, 0xff,
    0x06, 0x03, 0x01, 0xff, 0x05, 0x02, 0x01, 0xff, 0x04, 0x01, 0x01, 0xff, 0x04, 0x01, 0x01, 0xff,
    0x03, 0x01, 0x01, 0xff, 0x03, 0x01, 0x01, 0xff, 0x03, 0x01, 0x01, 0xff, 0x03, 0x01, 0x01, 0xff,
    0x04, 0x02, 0x01, 0xff, 0x04, 0x02, 0x01, 0xff, 0x05, 0x03, 0x01, 0xff, 0x06, 0x04, 0x01, 0xff,
    0x07, 0x04, 0x01, 0xff, 0x07, 0x05, 0x01, 0xff, 0x0a, 0x07, 0x03, 0xff, 0x0a, 0x08, 0x05, 0xff,
    0x0e, 0x0d, 0x0a, 0xff, 0x2f, 0x2d, 0x2c, 0xff, 0x6c, 0x69, 0x69, 0xff, 0x62, 0x5f, 0x5e, 0xff,
    0x38, 0x32, 0x2e, 0xff, 0x4d, 0x43, 0x37, 0xff, 0x49, 0x3e, 0x2c, 0xff, 0x60, 0x4d, 0x2e, 0xc6,
    0x01, 0x00, 0x00, 0x01, 0x00, 0x00, 0x00, 0x00, 0x00, 0x00, 0x00, 0x00, 0x00, 0x00, 0x00, 0x00,
    0x00, 0x00, 0x00, 0x00, 0x00, 0x00, 0x00, 0x00, 0x00, 0x00, 0x00, 0x00, 0x00, 0x00, 0x00, 0x00,
    0x00, 0x00, 0x00, 0x00, 0x00, 0x00, 0x00, 0x00, 0x00, 0x00, 0x00, 0x00, 0x00, 0x00, 0x00, 0x00,
    0x00, 0x00, 0x00, 0x00, 0x00, 0x00, 0x00, 0x00, 0x00, 0x00, 0x00, 0x00, 0x00, 0x00, 0x00, 0x00,
    0x00, 0x00, 0x00, 0x00, 0x00, 0x00, 0x00, 0x00, 0x00, 0x00, 0x00, 0x00, 0x00, 0x00, 0x00, 0x00,
    0x00, 0x00, 0x00, 0x00, 0x00, 0x00, 0x00, 0x00, 0x00, 0x00, 0x00, 0x00, 0x00, 0x00, 0x00, 0x00,
    0x13, 0x0f, 0x08, 0x27, 0x6c, 0x5a, 0x3d, 0xe4, 0x6e, 0x5d, 0x45, 0xff, 0x47, 0x3e, 0x32, 0xff,
    0x36, 0x31, 0x2c, 0xff, 0x38, 0x35, 0x32, 0xff, 0x57, 0x54, 0x53, 0xff, 0x68, 0x64, 0x64, 0xff,
    0x5f, 0x5c, 0x5b, 0xff, 0x40, 0x3d, 0x3b, 0xff, 0x24, 0x21, 0x1f, 0xff, 0x08, 0x06, 0x04, 0xff,
    0x07, 0x06, 0x03, 0xff, 0x08, 0x06, 0x04, 0xff, 0x09, 0x06, 0x04, 0xff, 0x08, 0x06, 0x03, 0xff,
    0x06, 0x04, 0x02, 0xff, 0x06, 0x03, 0x02, 0xff, 0x06, 0x03, 0x02, 0xff, 0x06, 0x04, 0x03, 0xff,
    0x08, 0x06, 0x04, 0xff, 0x09, 0x07, 0x04, 0xff, 0x09, 0x07, 0x05, 0xff, 0x09, 0x07, 0x05, 0xff,
    0x0a, 0x09, 0x07, 0xff, 0x27, 0x26, 0x24, 0xff, 0x4b, 0x48, 0x46, 0xff, 0x72, 0x6f, 0x6e, 0xff,
    0x7b, 0x78, 0x77, 0xff, 0x64, 0x61, 0x60, 0xff, 0x3a, 0x37, 0x36, 0xff, 0x33, 0x2f, 0x2c, 0xff,
    0x3b, 0x34, 0x2c, 0xff, 0x5f, 0x51, 0x3e, 0xff, 0x69, 0x59, 0x41, 0xe5, 0x15, 0x11, 0x0a, 0x29,
    0x00, 0x00, 0x00, 0x00, 0x00, 0x00, 0x00, 0x00, 0x00, 0x00, 0x00, 0x00, 0x00, 0x00, 0x00, 0x00,
    0x00, 0x00, 0x00, 0x00, 0x00, 0x00, 0x00, 0x00, 0x00, 0x00, 0x00, 0x00, 0x00, 0x00, 0x00, 0x00,
    0x00, 0x00, 0x00, 0x00, 0x00, 0x00, 0x00, 0x00, 0x00, 0x00, 0x00, 0x00, 0x00, 0x00, 0x00, 0x00,
    0x00, 0x00, 0x00, 0x00, 0x00, 0x00, 0x00, 0x00, 0x00, 0x00, 0x00, 0x00, 0x00, 0x00, 0x00, 0x00,
    0x00, 0x00, 0x00, 0x00, 0x00, 0x00, 0x00, 0x00, 0x00, 0x00, 0x00, 0x00, 0x00, 0x00, 0x00, 0x00,
    0x00, 0x00, 0x00, 0x00, 0x00, 0x00, 0x00, 0x00, 0x00, 0x00, 0x00, 0x00, 0x00, 0x00, 0x00, 0x00,
    0x00, 0x00, 0x00, 0x00, 0x45, 0x3a, 0x29, 0x5f, 0x87, 0x6f, 0x4d, 0xff, 0x53, 0x47, 0x34, 0xff,
    0x3a, 0x33, 0x29, 0xff, 0x34, 0x2f, 0x2a, 0xff, 0x36, 0x31, 0x2f, 0xff, 0x3b, 0x37, 0x36, 0xff,
    0x41, 0x3f, 0x3f, 0xff, 0x63, 0x60, 0x61, 0xff, 0xb6, 0xb4, 0xb4, 0xff, 0x51, 0x4f, 0x4e, 0xff,
    0x2d, 0x2a, 0x29, 0xff, 0x2e, 0x2c, 0x2c, 0xff, 0x2f, 0x2e, 0x2e, 0xff, 0x27, 0x26, 0x25, 0xff,
    0x1f, 0x1f, 0x1e, 0xff, 0x1e, 0x1e, 0x1c, 0xff, 0x20, 0x20, 0x1e, 0xff, 0x24, 0x23, 0x22, 0xff,
    0x2a, 0x29, 0x29, 0xff, 0x35, 0x34, 0x34, 0xff, 0x36, 0x35, 0x35, 0xff, 0x33, 0x32, 0x31, 0xff,
    0x47, 0x45, 0x44, 0xff, 0xb2, 0xaf, 0xb0, 0xff, 0x6e, 0x6d, 0x6e, 0xff, 0x47, 0x45, 0x46, 0xff,
    0x3d, 0x3a, 0x3a, 0xff, 0x35, 0x32, 0x31, 0xff, 0x31, 0x2e, 0x2b, 0xff, 0x34, 0x2f, 0x29, 0xff,
    0x49, 0x40, 0x32, 0xff, 0x85, 0x70, 0x51, 0xff, 0x4d, 0x40, 0x32, 0x65, 0x00, 0x00, 0x00, 0x00,
    0x00, 0x00, 0x00, 0x00, 0x00, 0x00, 0x00, 0x00, 0x00, 0x00, 0x00, 0x00, 0x00, 0x00, 0x00, 0x00,
    0x00, 0x00, 0x00, 0x00, 0x00, 0x00, 0x00, 0x00, 0x00, 0x00, 0x00, 0x00, 0x00, 0x00, 0x00, 0x00,
    0x00, 0x00, 0x00, 0x00, 0x00, 0x00, 0x00, 0x00, 0x00, 0x00, 0x00, 0x00, 0x00, 0x00, 0x00, 0x00,
    0x00, 0x00, 0x00, 0x00, 0x00, 0x00, 0x00, 0x00, 0x00, 0x00, 0x00, 0x00, 0x00, 0x00, 0x00, 0x00,
    0x00, 0x00, 0x00, 0x00, 0x00, 0x00, 0x00, 0x00, 0x00, 0x00, 0x00, 0x00, 0x00, 0x00, 0x00, 0x00,
    0x00, 0x00, 0x00, 0x00, 0x00, 0x00, 0x00, 0x00, 0x00, 0x00, 0x00, 0x00, 0x00, 0x00, 0x00, 0x00,
    0x00, 0x00, 0x00, 0x00, 0x01, 0x01, 0x00, 0x01, 0x69, 0x56, 0x3a, 0xa2, 0x6c, 0x58, 0x3b, 0xff,
    0x44, 0x3a, 0x2a, 0xff, 0x35, 0x2f, 0x27, 0xff, 0x32, 0x2e, 0x29, 0xff, 0x36, 0x32, 0x2f, 0xff,
    0x3b, 0x38, 0x38, 0xff, 0x41, 0x3e, 0x3f, 0xff, 0x49, 0x47, 0x48, 0xff, 0x72, 0x70, 0x71, 0xff,
    0x22, 0x1f, 0x1e, 0xff, 0x2f, 0x2c, 0x2b, 0xff, 0x33, 0x30, 0x2f, 0xff, 0x41, 0x3e, 0x3d, 0xff,
    0x4b, 0x48, 0x48, 0xff, 0x4f, 0x4c, 0x4c, 0xff, 0x51, 0x4e, 0x4e, 0xff, 0x4f, 0x4c, 0x4c, 0xff,
    0x46, 0x43, 0x42, 0xff, 0x38, 0x35, 0x34, 0xff, 0x33, 0x30, 0x2f, 0xff, 0x25, 0x23, 0x23, 0xff,
    0x70, 0x6e, 0x6f, 0xff, 0x4e, 0x4c, 0x4d, 0xff, 0x45, 0x42, 0x43, 0xff, 0x3d, 0x3b, 0x3b, 0xff,
    0x37, 0x34, 0x34, 0xff, 0x31, 0x2d, 0x2a, 0xff, 0x31, 0x2c, 0x28, 0xff, 0x3e, 0x37, 0x2b, 0xff,
    0x68, 0x58, 0x3e, 0xff, 0x73, 0x60, 0x44, 0xaa, 0x01, 0x01, 0x01, 0x02, 0x00, 0x00, 0x00, 0x00,
    0x00, 0x00, 0x00, 0x00, 0x00, 0x00, 0x00, 0x00, 0x00, 0x00, 0x00, 0x00, 0x00, 0x00, 0x00, 0x00,
    0x00, 0x00, 0x00, 0x00, 0x00, 0x00, 0x00, 0x00, 0x00, 0x00, 0x00, 0x00, 0x00, 0x00, 0x00, 0x00,
    0x00, 0x00, 0x00, 0x00, 0x00, 0x00, 0x00, 0x00, 0x00, 0x00, 0x00, 0x00, 0x00, 0x00, 0x00, 0x00,
    0x00, 0x00, 0x00, 0x00, 0x00, 0x00, 0x00, 0x00, 0x00, 0x00, 0x00, 0x00, 0x00, 0x00, 0x00, 0x00,
    0x00, 0x00, 0x00, 0x00, 0x00, 0x00, 0x00, 0x00, 0x00, 0x00, 0x00, 0x00, 0x00, 0x00, 0x00, 0x00,
    0x00, 0x00, 0x00, 0x00, 0x00, 0x00, 0x00, 0x00, 0x00, 0x00, 0x00, 0x00, 0x00, 0x00, 0x00, 0x00,
    0x00, 0x00, 0x00, 0x00, 0x00, 0x00, 0x00, 0x00, 0x04, 0x03, 0x02, 0x05, 0x60, 0x4e, 0x33, 0xa2,
    0x62, 0x51, 0x35, 0xff, 0x3f, 0x36, 0x26, 0xff, 0x33, 0x2d, 0x24, 0xff, 0x32, 0x2d, 0x28, 0xff,
    0x37, 0x33, 0x30, 0xff, 0x3d, 0x39, 0x39, 0xff, 0x42, 0x3f, 0x3f, 0xff, 0x59, 0x57, 0x58, 0xff,
    0x1f, 0x1e, 0x1c, 0xff, 0x28, 0x25, 0x23, 0xff, 0x2d, 0x29, 0x27, 0xff, 0x2f, 0x2b, 0x29, 0xff,
    0x30, 0x2c, 0x2b, 0xff, 0x31, 0x2e, 0x2d, 0xff, 0x32, 0x2e, 0x2d, 0xff, 0x32, 0x2e, 0x2d, 0xff,
    0x30, 0x2c, 0x2b, 0xff, 0x2e, 0x2a, 0x28, 0xff, 0x2b, 0x28, 0x26, 0xff, 0x24, 0x22, 0x21, 0xff,
    0x5a, 0x58, 0x58, 0xff, 0x42, 0x3f, 0x3f, 0xff, 0x3c, 0x39, 0x39, 0xff, 0x36, 0x33, 0x32, 0xff,
    0x30, 0x2c, 0x2a, 0xff, 0x31, 0x2c, 0x26, 0xff, 0x3b, 0x34, 0x28, 0xff, 0x61, 0x51, 0x39, 0xff,
    0x67, 0x55, 0x3b, 0xaa, 0x05, 0x04, 0x03, 0x08, 0x00, 0x00, 0x00, 0x00, 0x00, 0x00, 0x00, 0x00,
    0x00, 0x00, 0x00, 0x00, 0x00, 0x00, 0x00, 0x00, 0x00, 0x00, 0x00, 0x00, 0x00, 0x00, 0x00, 0x00,
    0x00, 0x00, 0x00, 0x00, 0x00, 0x00, 0x00, 0x00, 0x00, 0x00, 0x00, 0x00, 0x00, 0x00, 0x00, 0x00,
    0x00, 0x00, 0x00, 0x00, 0x00, 0x00, 0x00, 0x00, 0x00, 0x00, 0x00, 0x00, 0x00, 0x00, 0x00, 0x00,
    0x00, 0x00, 0x00, 0x00, 0x00, 0x00, 0x00, 0x00, 0x00, 0x00, 0x00, 0x00, 0x00, 0x00, 0x00, 0x00,
    0x00, 0x00, 0x00, 0x00, 0x00, 0x00, 0x00, 0x00, 0x00, 0x00, 0x00, 0x00, 0x00, 0x00, 0x00, 0x00,
    0x00, 0x00, 0x00, 0x00, 0x00, 0x00, 0x00, 0x00, 0x00, 0x00, 0x00, 0x00, 0x00, 0x00, 0x00, 0x00,
    0x00, 0x00, 0x00, 0x00, 0x00, 0x00, 0x00, 0x00, 0x00, 0x00, 0x00, 0x00, 0x00, 0x00, 0x00, 0x01,
    0x33, 0x29, 0x19, 0x64, 0x59, 0x49, 0x2d, 0xed, 0x44, 0x39, 0x26, 0xff, 0x35, 0x2f, 0x24, 0xff,
    0x34, 0x2f, 0x29, 0xff, 0x36, 0x32, 0x2f, 0xff, 0x3b, 0x37, 0x35, 0xff, 0x42, 0x3f, 0x3f, 0xff,
    0x2d, 0x2c, 0x2b, 0xff, 0x23, 0x1f, 0x1b, 0xff, 0x25, 0x20, 0x1d, 0xff, 0x28, 0x23, 0x20, 0xff,
    0x28, 0x24, 0x21, 0xff, 0x28, 0x24, 0x21, 0xff, 0x28, 0x24, 0x21, 0xff, 0x28, 0x24, 0x20, 0xff,
    0x27, 0x23, 0x20, 0xff, 0x25, 0x22, 0x1e, 0xff, 0x24, 0x20, 0x1d, 0xff, 0x32, 0x30, 0x30, 0xff,
    0x41, 0x3e, 0x3d, 0xff, 0x39, 0x36, 0x35, 0xff, 0x34, 0x30, 0x2e, 0xff, 0x31, 0x2d, 0x28, 0xff,
    0x32, 0x2d, 0x25, 0xff, 0x40, 0x37, 0x28, 0xff, 0x5b, 0x4d, 0x33, 0xf0, 0x38, 0x2f, 0x1f, 0x6a,
    0x00, 0x00, 0x00, 0x01, 0x00, 0x00, 0x00, 0x00, 0x00, 0x00, 0x00, 0x00, 0x00, 0x00, 0x00, 0x00,
    0x00, 0x00, 0x00, 0x00, 0x00, 0x00, 0x00, 0x00, 0x00, 0x00, 0x00, 0x00, 0x00, 0x00, 0x00, 0x00,
    0x00, 0x00, 0x00, 0x00, 0x00, 0x00, 0x00, 0x00, 0x00, 0x00, 0x00, 0x00, 0x00, 0x00, 0x00, 0x00,
    0x00, 0x00, 0x00, 0x00, 0x00, 0x00, 0x00, 0x00, 0x00, 0x00, 0x00, 0x00, 0x00, 0x00, 0x00, 0x00,
    0x00, 0x00, 0x00, 0x00, 0x00, 0x00, 0x00, 0x00, 0x00, 0x00, 0x00, 0x00, 0x00, 0x00, 0x00, 0x00,
    0x00, 0x00, 0x00, 0x00, 0x00, 0x00, 0x00, 0x00, 0x00, 0x00, 0x00, 0x00, 0x00, 0x00, 0x00, 0x00,
    0x00, 0x00, 0x00, 0x00, 0x00, 0x00, 0x00, 0x00, 0x00, 0x00, 0x00, 0x00, 0x00, 0x00, 0x00, 0x00,
    0x00, 0x00, 0x00, 0x00, 0x00, 0x00, 0x00, 0x00, 0x00, 0x00, 0x00, 0x00, 0x00, 0x00, 0x00, 0x00,
    0x00, 0x00, 0x00, 0x00, 0x07, 0x05, 0x03, 0x15, 0x2e, 0x25, 0x16, 0x8e, 0x42, 0x36, 0x23, 0xf6,
    0x38, 0x31, 0x23, 0xff, 0x36, 0x30, 0x28, 0xff, 0x38, 0x33, 0x2e, 0xff, 0x3a, 0x36, 0x32, 0xff,
    0x37, 0x34, 0x33, 0xff, 0x1c, 0x18, 0x12, 0xff, 0x21, 0x1c, 0x16, 0xff, 0x23, 0x1f, 0x18, 0xff,
    0x24, 0x1f, 0x19, 0xff, 0x24, 0x20, 0x19, 0xff, 0x23, 0x1e, 0x18, 0xff, 0x23, 0x1e, 0x18, 0xff,
    0x23, 0x1e, 0x19, 0xff, 0x21, 0x1d, 0x17, 0xff, 0x1a, 0x16, 0x12, 0xff, 0x39, 0x36, 0x35, 0xff,
    0x37, 0x33, 0x31, 0xff, 0x33, 0x2f, 0x2c, 0xff, 0x32, 0x2e, 0x29, 0xff, 0x36, 0x30, 0x26, 0xff,
    0x41, 0x37, 0x26, 0xf7, 0x2f, 0x27, 0x1a, 0x91, 0x08, 0x06, 0x04, 0x18, 0x00, 0x00, 0x00, 0x00,
    0x00, 0x00, 0x00, 0x00, 0x00, 0x00, 0x00, 0x00, 0x00, 0x00, 0x00, 0x00, 0x00, 0x00, 0x00, 0x00,
    0x00, 0x00, 0x00, 0x00, 0x00, 0x00, 0x00, 0x00, 0x00, 0x00, 0x00, 0x00, 0x00, 0x00, 0x00, 0x00,
    0x00, 0x00, 0x00, 0x00, 0x00, 0x00, 0x00, 0x00, 0x00, 0x00, 0x00, 0x00, 0x00, 0x00, 0x00, 0x00,
    0x00, 0x00, 0x00, 0x00, 0x00, 0x00, 0x00, 0x00, 0x00, 0x00, 0x00, 0x00, 0x00, 0x00, 0x00, 0x00,
    0x00, 0x00, 0x00, 0x00, 0x00, 0x00, 0x00, 0x00, 0x00, 0x00, 0x00, 0x00, 0x00, 0x00, 0x00, 0x00,
    0x00, 0x00, 0x00, 0x00, 0x00, 0x00, 0x00, 0x00, 0x00, 0x00, 0x00, 0x00, 0x00, 0x00, 0x00, 0x00,
    0x00, 0x00, 0x00, 0x00, 0x00, 0x00, 0x00, 0x00, 0x00, 0x00, 0x00, 0x00, 0x00, 0x00, 0x00, 0x00,
    0x00, 0x00, 0x00, 0x00, 0x00, 0x00, 0x00, 0x00, 0x00, 0x00, 0x00, 0x00, 0x00, 0x00, 0x00, 0x00,
    0x00, 0x00, 0x00, 0x00, 0x00, 0x00, 0x00, 0x00, 0x10, 0x0e, 0x0a, 0x1b, 0x43, 0x36, 0x1f, 0xd7,
    0x30, 0x27, 0x15, 0xff, 0x2a, 0x24, 0x19, 0xff, 0x2e, 0x2a, 0x23, 0xff, 0x36, 0x32, 0x2b, 0xff,
    0x3f, 0x3a, 0x33, 0xff, 0x1e, 0x19, 0x10, 0xff, 0x27, 0x21, 0x13, 0xff, 0x2a, 0x24, 0x15, 0xff,
    0x2c, 0x26, 0x15, 0xff, 0x2d, 0x26, 0x15, 0xff, 0x2c, 0x25, 0x15, 0xff, 0x2a, 0x24, 0x15, 0xff,
    0x29, 0x23, 0x15, 0xff, 0x27, 0x21, 0x15, 0xff, 0x1d, 0x19, 0x12, 0xff, 0x3c, 0x38, 0x33, 0xff,
    0x35, 0x31, 0x2c, 0xff, 0x2c, 0x28, 0x24, 0xff, 0x27, 0x23, 0x1a, 0xff, 0x33, 0x2a, 0x1a, 0xff,
    0x48, 0x3b, 0x26, 0xd7, 0x12, 0x0f, 0x0c, 0x1b, 0x00, 0x00, 0x00, 0x00, 0x00, 0x00, 0x00, 0x00,
    0x00, 0x00, 0x00, 0x00, 0x00, 0x00, 0x00, 0x00, 0x00, 0x00, 0x00, 0x00, 0x00, 0x00, 0x00, 0x00,
    0x00, 0x00, 0x00, 0x00, 0x00, 0x00, 0x00, 0x00, 0x00, 0x00, 0x00, 0x00, 0x00, 0x00, 0x00, 0x00,
    0x00, 0x00, 0x00, 0x00, 0x00, 0x00, 0x00, 0x00, 0x00, 0x00, 0x00, 0x00, 0x00, 0x00, 0x00, 0x00,
    0x00, 0x00, 0x00, 0x00, 0x00, 0x00, 0x00, 0x00, 0x00, 0x00, 0x00, 0x00, 0x00, 0x00, 0x00, 0x00,
    0x00, 0x00, 0x00, 0x00, 0x00, 0x00, 0x00, 0x00, 0x00, 0x00, 0x00, 0x00, 0x00, 0x00, 0x00, 0x00,
    0x00, 0x00, 0x00, 0x00, 0x00, 0x00, 0x00, 0x00, 0x00, 0x00, 0x00, 0x00, 0x00, 0x00, 0x00, 0x00,
    0x00, 0x00, 0x00, 0x00, 0x00, 0x00, 0x00, 0x00, 0x00, 0x00, 0x00, 0x00, 0x00, 0x00, 0x00, 0x00,
    0x00, 0x00, 0x00, 0x00, 0x00, 0x00, 0x00, 0x00, 0x00, 0x00, 0x00, 0x00, 0x00, 0x00, 0x00, 0x00,
    0x00, 0x00, 0x00, 0x00, 0x00, 0x00, 0x00, 0x00, 0x68, 0x57, 0x40, 0x8e, 0x5c, 0x4a, 0x2c, 0xff,
    0x22, 0x1a, 0x0b, 0xff, 0x06, 0x05, 0x02, 0xff, 0x0a, 0x08, 0x05, 0xff, 0x0d, 0x0c, 0x0b, 0xff,
    0x1b, 0x18, 0x13, 0xff, 0x1c, 0x17, 0x0d, 0xff, 0x28, 0x21, 0x10, 0xff, 0x34, 0x2c, 0x14, 0xff,
    0x42, 0x38, 0x18, 0xff, 0x4c, 0x41, 0x19, 0xff, 0x4e, 0x42, 0x19, 0xff, 0x41, 0x37, 0x17, 0xff,
    0x33, 0x2a, 0x14, 0xff, 0x26, 0x21, 0x11, 0xff, 0x1b, 0x17, 0x10, 0xff, 0x19, 0x17, 0x14, 0xff,
    0x0d, 0x0d, 0x0d, 0xff, 0x08, 0x07, 0x06, 0xff, 0x06, 0x05, 0x03, 0xff, 0x21, 0x1a, 0x0e, 0xff,
    0x5e, 0x4c, 0x32, 0xff, 0x65, 0x56, 0x41, 0x8b, 0x00, 0x00, 0x00, 0x00, 0x00, 0x00, 0x00, 0x00,
    0x00, 0x00, 0x00, 0x00, 0x00, 0x00, 0x00, 0x00, 0x00, 0x00, 0x00, 0x00, 0x00, 0x00, 0x00, 0x00,
    0x00, 0x00, 0x00, 0x00, 0x00, 0x00, 0x00, 0x00, 0x00, 0x00, 0x00, 0x00, 0x00, 0x00, 0x00, 0x00,
    0x00, 0x00, 0x00, 0x00, 0x00, 0x00, 0x00, 0x00, 0x00, 0x00, 0x00, 0x00, 0x00, 0x00, 0x00, 0x00,
    0x00, 0x00, 0x00, 0x00, 0x00, 0x00, 0x00, 0x00, 0x00, 0x00, 0x00, 0x00, 0x00, 0x00, 0x00, 0x00,
    0x00, 0x00, 0x00, 0x00, 0x00, 0x00, 0x00, 0x00, 0x00, 0x00, 0x00, 0x00, 0x00, 0x00, 0x00, 0x00,
    0x00, 0x00, 0x00, 0x00, 0x00, 0x00, 0x00, 0x00, 0x00, 0x00, 0x00, 0x00, 0x00, 0x00, 0x00, 0x00,
    0x00, 0x00, 0x00, 0x00, 0x00, 0x00, 0x00, 0x00, 0x00, 0x00, 0x00, 0x00, 0x00, 0x00, 0x00, 0x00,
    0x00, 0x00, 0x00, 0x00, 0x00, 0x00, 0x00, 0x00, 0x00, 0x00, 0x00, 0x00, 0x00, 0x00, 0x00, 0x00,
    0x00, 0x00, 0x00, 0x00, 0x17, 0x14, 0x10, 0x24, 0x7b, 0x65, 0x44, 0xe1, 0x4e, 0x40, 0x27, 0xff,
    0x1d, 0x18, 0x0d, 0xff, 0x0b, 0x09, 0x05, 0xff, 0x05, 0x04, 0x03, 0xff, 0x03, 0x02, 0x02, 0xff,
    0x02, 0x02, 0x02, 0xff, 0x02, 0x02, 0x02, 0xff, 0x04, 0x03, 0x02, 0xff, 0x06, 0x05, 0x02, 0xff,
    0x08, 0x06, 0x02, 0xff, 0x09, 0x07, 0x02, 0xff, 0x08, 0x06, 0x02, 0xff, 0x07, 0x06, 0x01, 0xff,
    0x06, 0x04, 0x02, 0xff, 0x04, 0x03, 0x02, 0xff, 0x02, 0x02, 0x02, 0xff, 0x02, 0x02, 0x01, 0xff,
    0x03, 0x02, 0x02, 0xff, 0x05, 0x04, 0x03, 0xff, 0x0b, 0x0a, 0x06, 0xff, 0x1c, 0x18, 0x10, 0xff,
    0x3c, 0x33, 0x23, 0xff, 0x72, 0x5f, 0x45, 0xe0, 0x18, 0x15, 0x12, 0x23, 0x00, 0x00, 0x00, 0x00,
    0x00, 0x00, 0x00, 0x00, 0x00, 0x00, 0x00, 0x00, 0x00, 0x00, 0x00, 0x00, 0x00, 0x00, 0x00, 0x00,
    0x00, 0x00, 0x00, 0x00, 0x00, 0x00, 0x00, 0x00, 0x00, 0x00, 0x00, 0x00, 0x00, 0x00, 0x00, 0x00,
    0x00, 0x00, 0x00, 0x00, 0x00, 0x00, 0x00, 0x00, 0x00, 0x00, 0x00, 0x00, 0x00, 0x00, 0x00, 0x00,
    0x00, 0x00, 0x00, 0x00, 0x00, 0x00, 0x00, 0x00, 0x00, 0x00, 0x00, 0x00, 0x00, 0x00, 0x00, 0x00,
    0x00, 0x00, 0x00, 0x00, 0x00, 0x00, 0x00, 0x00, 0x00, 0x00, 0x00, 0x00, 0x00, 0x00, 0x00, 0x00,
    0x00, 0x00, 0x00, 0x00, 0x00, 0x00, 0x00, 0x00, 0x00, 0x00, 0x00, 0x00, 0x00, 0x00, 0x00, 0x00,
    0x00, 0x00, 0x00, 0x00, 0x00, 0x00, 0x00, 0x00, 0x00, 0x00, 0x00, 0x00, 0x00, 0x00, 0x00, 0x00,
    0x00, 0x00, 0x00, 0x00, 0x00, 0x00, 0x00, 0x00, 0x00, 0x00, 0x00, 0x00, 0x00, 0x00, 0x00, 0x00,
    0x47, 0x3c, 0x30, 0x5c, 0xad, 0x92, 0x72, 0xf3, 0x58, 0x48, 0x32, 0xff, 0x2a, 0x23, 0x15, 0xff,
    0x1b, 0x18, 0x12, 0xff, 0x1a, 0x1b, 0x1d, 0xff, 0x1c, 0x1d, 0x1f, 0xff, 0x1b, 0x1b, 0x1b, 0xff,
    0x19, 0x18, 0x17, 0xff, 0x11, 0x10, 0x0f, 0xff, 0x0b, 0x0b, 0x0a, 0xff, 0x05, 0x04, 0x02, 0xff,
    0x06, 0x05, 0x03, 0xff, 0x08, 0x07, 0x04, 0xff, 0x08, 0x07, 0x05, 0xff, 0x06, 0x05, 0x04, 0xff,
    0x05, 0x04, 0x02, 0xff, 0x0d, 0x0c, 0x0c, 0xff, 0x11, 0x10, 0x10, 0xff, 0x1b, 0x1b, 0x1a, 0xff,
    0x1d, 0x1d, 0x1d, 0xff, 0x1d, 0x1e, 0x20, 0xff, 0x1a, 0x1a, 0x1b, 0xff, 0x17, 0x15, 0x11, 0xff,
    0x20, 0x1c, 0x14, 0xff, 0x52, 0x45, 0x34, 0xff, 0xa7, 0x8f, 0x77, 0xf2, 0x47, 0x3e, 0x35, 0x5c,
    0x00, 0x00, 0x00, 0x00, 0x00, 0x00, 0x00, 0x00, 0x00, 0x00, 0x00, 0x00, 0x00, 0x00, 0x00, 0x00,
    0x00, 0x00, 0x00, 0x00, 0x00, 0x00, 0x00, 0x00, 0x00, 0x00, 0x00, 0x00, 0x00, 0x00, 0x00, 0x00,
    0x00, 0x00, 0x00, 0x00, 0x00, 0x00, 0x00, 0x00, 0x00, 0x00, 0x00, 0x00, 0x00, 0x00, 0x00, 0x00,
    0x00, 0x00, 0x00, 0x00, 0x00, 0x00, 0x00, 0x00, 0x00, 0x00, 0x00, 0x00, 0x00, 0x00, 0x00, 0x00,
    0x00, 0x00, 0x00, 0x00, 0x00, 0x00, 0x00, 0x00, 0x00, 0x00, 0x00, 0x00, 0x00, 0x00, 0x00, 0x00,
    0x00, 0x00, 0x00, 0x00, 0x00, 0x00, 0x00, 0x00, 0x00, 0x00, 0x00, 0x00, 0x00, 0x00, 0x00, 0x00,
    0x00, 0x00, 0x00, 0x00, 0x00, 0x00, 0x00, 0x00, 0x00, 0x00, 0x00, 0x00, 0x00, 0x00, 0x00, 0x00,
    0x00, 0x00, 0x00, 0x00, 0x00, 0x00, 0x00, 0x00, 0x00, 0x00, 0x00, 0x00, 0x4a, 0x3e, 0x30, 0x6a,
    0xaa, 0x8e, 0x6e, 0xfe, 0x5d, 0x4e, 0x3b, 0xff, 0x3d, 0x36, 0x2c, 0xff, 0x2e, 0x2a, 0x25, 0xff,
    0x1e, 0x1e, 0x1f, 0xff, 0x10, 0x55, 0x7a, 0xff, 0x13, 0x6c, 0x90, 0xff, 0x24, 0x2e, 0x39, 0xff,
    0x35, 0x34, 0x33, 0xff, 0x40, 0x3e, 0x3e, 0xff, 0x2f, 0x2e, 0x2e, 0xff, 0x0e, 0x0c, 0x09, 0xff,
    0x10, 0x0e, 0x0a, 0xff, 0x14, 0x12, 0x0f, 0xff, 0x15, 0x13, 0x10, 0xff, 0x11, 0x0f, 0x0c, 0xff,
    0x0d, 0x0c, 0x09, 0xff, 0x30, 0x2f, 0x2e, 0xff, 0x43, 0x41, 0x40, 0xff, 0x37, 0x35, 0x35, 0xff,
    0x24, 0x30, 0x3b, 0xff, 0x13, 0x6e, 0x93, 0xff, 0x0d, 0x4f, 0x73, 0xff, 0x1c, 0x1c, 0x1f, 0xff,
    0x2a, 0x27, 0x24, 0xff, 0x35, 0x30, 0x28, 0xff, 0x50, 0x45, 0x36, 0xff, 0xa2, 0x8a, 0x71, 0xfe,
    0x4a, 0x40, 0x34, 0x68, 0x00, 0x00, 0x00, 0x00, 0x00, 0x00, 0x00, 0x00, 0x00, 0x00, 0x00, 0x00,
    0x00, 0x00, 0x00, 0x00, 0x00, 0x00, 0x00, 0x00, 0x00, 0x00, 0x00, 0x00, 0x00, 0x00, 0x00, 0x00,
    0x00, 0x00, 0x00, 0x00, 0x00, 0x00, 0x00, 0x00, 0x00, 0x00, 0x00, 0x00, 0x00, 0x00, 0x00, 0x00,
    0x00, 0x00, 0x00, 0x00, 0x00, 0x00, 0x00, 0x00, 0x00, 0x00, 0x00, 0x00, 0x00, 0x00, 0x00, 0x00,
    0x00, 0x00, 0x00, 0x00, 0x00, 0x00, 0x00, 0x00, 0x00, 0x00, 0x00, 0x00, 0x00, 0x00, 0x00, 0x00,
    0x00, 0x00, 0x00, 0x00, 0x00, 0x00, 0x00, 0x00, 0x00, 0x00, 0x00, 0x00, 0x00, 0x00, 0x00, 0x00,
    0x00, 0x00, 0x00, 0x00, 0x00, 0x00, 0x00, 0x00, 0x00, 0x00, 0x00, 0x00, 0x00, 0x00, 0x00, 0x00,
    0x00, 0x00, 0x00, 0x00, 0x00, 0x00, 0x00, 0x00, 0x00, 0x00, 0x00, 0x00, 0x7f, 0x68, 0x4a, 0xd4,
    0x5b, 0x4c, 0x39, 0xff, 0x43, 0x3c, 0x33, 0xff, 0x40, 0x3b, 0x37, 0xff, 0x45, 0x43, 0x41, 0xff,
    0x51, 0x50, 0x53, 0xff, 0x52, 0x61, 0x77, 0xff, 0x44, 0x71, 0x96, 0xff, 0x24, 0x2e, 0x38, 0xff,
    0x2a, 0x27, 0x24, 0xff, 0x45, 0x42, 0x3f, 0xff, 0x38, 0x35, 0x31, 0xff, 0x44, 0x42, 0x3d, 0xff,
    0x4e, 0x4c, 0x47, 0xff, 0x57, 0x54, 0x50, 0xff, 0x5a, 0x57, 0x53, 0xff, 0x56, 0x53, 0x4e, 0xff,
    0x4c, 0x49, 0x44, 0xff, 0x3c, 0x38, 0x35, 0xff, 0x4a, 0x46, 0x43, 0xff, 0x2c, 0x2a, 0x28, 0xff,
    0x24, 0x33, 0x3f, 0xff, 0x43, 0x72, 0x98, 0xff, 0x4c, 0x5b, 0x72, 0xff, 0x48, 0x47, 0x48, 0xff,
    0x3f, 0x3c, 0x3a, 0xff, 0x3a, 0x35, 0x32, 0xff, 0x39, 0x34, 0x2d, 0xff, 0x4e, 0x43, 0x34, 0xff,
    0x7b, 0x66, 0x4c, 0xd3, 0x00, 0x00, 0x00, 0x00, 0x00, 0x00, 0x00, 0x00, 0x00, 0x00, 0x00, 0x00,
    0x00, 0x00, 0x00, 0x00, 0x00, 0x00, 0x00, 0x00, 0x00, 0x00, 0x00, 0x00, 0x00, 0x00, 0x00, 0x00,
    0x00, 0x00, 0x00, 0x00, 0x00, 0x00, 0x00, 0x00, 0x00, 0x00, 0x00, 0x00, 0x00, 0x00, 0x00, 0x00,
    0x00, 0x00, 0x00, 0x00, 0x00, 0x00, 0x00, 0x00, 0x00, 0x00, 0x00, 0x00, 0x00, 0x00, 0x00, 0x00,
    0x00, 0x00, 0x00, 0x00, 0x00, 0x00, 0x00, 0x00, 0x00, 0x00, 0x00, 0x00, 0x00, 0x00, 0x00, 0x00,
    0x00, 0x00, 0x00, 0x00, 0x00, 0x00, 0x00, 0x00, 0x00, 0x00, 0x00, 0x00, 0x00, 0x00, 0x00, 0x00,
    0x00, 0x00, 0x00, 0x00, 0x00, 0x00, 0x00, 0x00, 0x00, 0x00, 0x00, 0x00, 0x00, 0x00, 0x00, 0x00,
    0x00, 0x00, 0x00, 0x00, 0x00, 0x00, 0x00, 0x00, 0x00, 0x00, 0x00, 0x00, 0x3d, 0x31, 0x1c, 0xa1,
    0x3e, 0x34, 0x24, 0xff, 0x34, 0x30, 0x2b, 0xff, 0x3f, 0x3c, 0x3b, 0xff, 0x54, 0x52, 0x52, 0xff,
    0x68, 0x66, 0x67, 0xff, 0x7f, 0x7d, 0x7f, 0xff, 0x8f, 0x8e, 0x8f, 0xff, 0x30, 0x2c, 0x24, 0xff,
    0x2c, 0x27, 0x13, 0xff, 0x41, 0x3b, 0x24, 0xff, 0x4a, 0x44, 0x2f, 0xff, 0x53, 0x4c, 0x38, 0xff,
    0x60, 0x59, 0x47, 0xff, 0x6b, 0x64, 0x53, 0xff, 0x70, 0x69, 0x57, 0xff, 0x6a, 0x62, 0x4f, 0xff,
    0x5c, 0x55, 0x40, 0xff, 0x50, 0x49, 0x34, 0xff, 0x43, 0x3e, 0x29, 0xff, 0x2d, 0x28, 0x14, 0xff,
    0x37, 0x34, 0x2e, 0xff, 0x8f, 0x8e, 0x8f, 0xff, 0x78, 0x76, 0x78, 0xff, 0x5d, 0x5b, 0x5b, 0xff,
    0x4c, 0x49, 0x49, 0xff, 0x39, 0x36, 0x34, 0xff, 0x2d, 0x2a, 0x26, 0xff, 0x32, 0x2b, 0x21, 0xff,
    0x38, 0x2f, 0x1d, 0xa3, 0x00, 0x00, 0x00, 0x00, 0x00, 0x00, 0x00, 0x00, 0x00, 0x00, 0x00, 0x00,
    0x00, 0x00, 0x00, 0x00, 0x00, 0x00, 0x00, 0x00, 0x00, 0x00, 0x00, 0x00, 0x00, 0x00, 0x00, 0x00,
    0x00, 0x00, 0x00, 0x00, 0x00, 0x00, 0x00, 0x00, 0x00, 0x00, 0x00, 0x00, 0x00, 0x00, 0x00, 0x00,
    0x00, 0x00, 0x00, 0x00, 0x00, 0x00, 0x00, 0x00, 0x00, 0x00, 0x00, 0x00, 0x00, 0x00, 0x00, 0x00,
    0x00, 0x00, 0x00, 0x00, 0x00, 0x00, 0x00, 0x00, 0x00, 0x00, 0x00, 0x00, 0x00, 0x00, 0x00, 0x00,
    0x00, 0x00, 0x00, 0x00, 0x00, 0x00, 0x00, 0x00, 0x00, 0x00, 0x00, 0x00, 0x00, 0x00, 0x00, 0x00,
    0x00, 0x00, 0x00, 0x00, 0x00, 0x00, 0x00, 0x00, 0x00, 0x00, 0x00, 0x00, 0x00, 0x00, 0x00, 0x00,
    0x00, 0x00, 0x00, 0x00, 0x00, 0x00, 0x00, 0x00, 0x00, 0x00, 0x00, 0x00, 0x01, 0x01, 0x00, 0x06,
    0x13, 0x10, 0x09, 0x72, 0x1b, 0x18, 0x11, 0xde, 0x26, 0x23, 0x1e, 0xff, 0x2d, 0x2b, 0x29, 0xff,
    0x45, 0x42, 0x43, 0xff, 0x65, 0x63, 0x64, 0xff, 0x58, 0x55, 0x53, 0xff, 0x2e, 0x2a, 0x11, 0xff,
    0xa9, 0xa2, 0x1a, 0xff, 0xc6, 0xc0, 0x37, 0xff, 0xbe, 0xb6, 0x43, 0xff, 0xb6, 0xad, 0x43, 0xff,
    0xaf, 0xa6, 0x43, 0xff, 0xb0, 0xa6, 0x46, 0xff, 0xb3, 0xaa, 0x48, 0xff, 0xb2, 0xa9, 0x46, 0xff,
    0xb7, 0xae, 0x44, 0xff, 0xbd, 0xb5, 0x43, 0xff, 0xc8, 0xc0, 0x35, 0xff, 0xa7, 0xa0, 0x1c, 0xff,
    0x30, 0x2c, 0x17, 0xff, 0x5b, 0x59, 0x58, 0xff, 0x60, 0x5e, 0x5e, 0xff, 0x41, 0x3f, 0x3f, 0xff,
    0x2b, 0x29, 0x27, 0xff, 0x21, 0x1f, 0x1b, 0xff, 0x17, 0x15, 0x10, 0xe0, 0x0f, 0x0d, 0x09, 0x75,
    0x01, 0x01, 0x00, 0x06, 0x00, 0x00, 0x00, 0x00, 0x00, 0x00, 0x00, 0x00, 0x00, 0x00, 0x00, 0x00,
    0x00, 0x00, 0x00, 0x00, 0x00, 0x00, 0x00, 0x00, 0x00, 0x00, 0x00, 0x00, 0x00, 0x00, 0x00, 0x00,
    0x00, 0x00, 0x00, 0x00, 0x00, 0x00, 0x00, 0x00, 0x00, 0x00, 0x00, 0x00, 0x00, 0x00, 0x00, 0x00,
    0x00, 0x00, 0x00, 0x00, 0x00, 0x00, 0x00, 0x00, 0x00, 0x00, 0x00, 0x00, 0x00, 0x00, 0x00, 0x00,
    0x00, 0x00, 0x00, 0x00, 0x00, 0x00, 0x00, 0x00, 0x00, 0x00, 0x00, 0x00, 0x00, 0x00, 0x00, 0x00,
    0x00, 0x00, 0x00, 0x00, 0x00, 0x00, 0x00, 0x00, 0x00, 0x00, 0x00, 0x00, 0x00, 0x00, 0x00, 0x00,
    0x00, 0x00, 0x00, 0x00, 0x00, 0x00, 0x00, 0x00, 0x00, 0x00, 0x00, 0x00, 0x00, 0x00, 0x00, 0x00,
    0x00, 0x00, 0x00, 0x00, 0x00, 0x00, 0x00, 0x00, 0x00, 0x00, 0x00, 0x00, 0x00, 0x00, 0x00, 0x00,
    0x00, 0x00, 0x00, 0x00, 0x00, 0x00, 0x00, 0x03, 0x05, 0x05, 0x04, 0x36, 0x0e, 0x0d, 0x0b, 0x7b,
    0x18, 0x16, 0x14, 0xb3, 0x22, 0x20, 0x1e, 0xe2, 0x21, 0x1e, 0x1a, 0xfc, 0x12, 0x0f, 0x08, 0xff,
    0x30, 0x2a, 0x11, 0xff, 0x51, 0x48, 0x16, 0xff, 0x73, 0x6a, 0x20, 0xff, 0x90, 0x86, 0x31, 0xff,
    0xa0, 0x96, 0x3e, 0xff, 0xaa, 0xa0, 0x46, 0xff, 0xab, 0xa0, 0x46, 0xff, 0xa2, 0x97, 0x3f, 0xff,
    0x8e, 0x83, 0x30, 0xff, 0x73, 0x69, 0x21, 0xff, 0x4f, 0x46, 0x17, 0xff, 0x2e, 0x28, 0x13, 0xff,
    0x12, 0x10, 0x09, 0xff, 0x23, 0x21, 0x1e, 0xfc, 0x21, 0x1f, 0x1d, 0xe2, 0x16, 0x14, 0x13, 0xb3,
    0x0d, 0x0c, 0x0b, 0x7c, 0x05, 0x04, 0x03, 0x39, 0x00, 0x00, 0x00, 0x03, 0x00, 0x00, 0x00, 0x00,
    0x00, 0x00, 0x00, 0x00, 0x00, 0x00, 0x00, 0x00, 0x00, 0x00, 0x00, 0x00, 0x00, 0x00, 0x00, 0x00,
    0x00, 0x00, 0x00, 0x00, 0x00, 0x00, 0x00, 0x00, 0x00, 0x00, 0x00, 0x00, 0x00, 0x00, 0x00, 0x00,
    0x00, 0x00, 0x00, 0x00, 0x00, 0x00, 0x00, 0x00, 0x00, 0x00, 0x00, 0x00, 0x00, 0x00, 0x00, 0x00,
    0x00, 0x00, 0x00, 0x00, 0x00, 0x00, 0x00, 0x00, 0x00, 0x00, 0x00, 0x00, 0x00, 0x00, 0x00, 0x00,
    0x00, 0x00, 0x00, 0x00, 0x00, 0x00, 0x00, 0x00, 0x00, 0x00, 0x00, 0x00, 0x00, 0x00, 0x00, 0x00,
    0x00, 0x00, 0x00, 0x00, 0x00, 0x00, 0x00, 0x00, 0x00, 0x00, 0x00, 0x00, 0x00, 0x00, 0x00, 0x00,
    0x00, 0x00, 0x00, 0x00, 0x00, 0x00, 0x00, 0x00, 0x00, 0x00, 0x00, 0x00, 0x00, 0x00, 0x00, 0x00,
    0x00, 0x00, 0x00, 0x00, 0x00, 0x00, 0x00, 0x00, 0x00, 0x00, 0x00, 0x00, 0x00, 0x00, 0x00, 0x00,
    0x00, 0x00, 0x00, 0x00, 0x00, 0x00, 0x00, 0x00, 0x00, 0x00, 0x00, 0x00, 0x00, 0x00, 0x00, 0x00,
    0x00, 0x00, 0x00, 0x00, 0x00, 0x00, 0x00, 0x01, 0x00, 0x00, 0x00, 0x0a, 0x00, 0x00, 0x00, 0x12,
    0x03, 0x02, 0x02, 0x2f, 0x09, 0x08, 0x05, 0x4c, 0x0f, 0x0d, 0x08, 0x62, 0x15, 0x13, 0x0b, 0x71,
    0x1b, 0x17, 0x0e, 0x7f, 0x20, 0x1c, 0x11, 0x85, 0x20, 0x1c, 0x11, 0x83, 0x1c, 0x18, 0x0f, 0x7c,
    0x16, 0x13, 0x0c, 0x6f, 0x0f, 0x0d, 0x08, 0x5f, 0x08, 0x08, 0x05, 0x4b, 0x03, 0x02, 0x02, 0x2e,
    0x00, 0x00, 0x00, 0x11, 0x00, 0x00, 0x00, 0x0a, 0x00, 0x00, 0x00, 0x01, 0x00, 0x00, 0x00, 0x00,
    0x00, 0x00, 0x00, 0x00, 0x00, 0x00, 0x00, 0x00, 0x00, 0x00, 0x00, 0x00, 0x00, 0x00, 0x00, 0x00,
    0x00, 0x00, 0x00, 0x00, 0x00, 0x00, 0x00, 0x00, 0x00, 0x00, 0x00, 0x00, 0x00, 0x00, 0x00, 0x00,
    0x00, 0x00, 0x00, 0x00, 0x00, 0x00, 0x00, 0x00, 0x00, 0x00, 0x00, 0x00, 0x00, 0x00, 0x00, 0x00,
    0x00, 0x00, 0x00, 0x00, 0x00, 0x00, 0x00, 0x00, 0x00, 0x00, 0x00, 0x00, 0x00, 0x00, 0x00, 0x00,
    0x00, 0x00, 0x00, 0x00, 0x00, 0x00, 0x00, 0x00, 0x00, 0x00, 0x00, 0x00, 0x00, 0x00, 0x00, 0x00,
    0x00, 0x00, 0x00, 0x00, 0x00, 0x00, 0x00, 0x00, 0x00, 0x00, 0x00, 0x00, 0x00, 0x00, 0x00, 0x00,
    0x00, 0x00, 0x00, 0x00, 0x00, 0x00, 0x00, 0x00, 0x00, 0x00, 0x00, 0x00, 0x00, 0x00, 0x00, 0x00,
    0x00, 0x00, 0x00, 0x00, 0x00, 0x00, 0x00, 0x00, 0x00, 0x00, 0x00, 0x00, 0x00, 0x00, 0x00, 0x00,
    0x00, 0x00, 0x00, 0x00, 0x00, 0x00, 0x00, 0x00, 0x00, 0x00, 0x00, 0x00, 0x00, 0x00, 0x00, 0x00,
    0x00, 0x00, 0x00, 0x00, 0x00, 0x00, 0x00, 0x00, 0x00, 0x00, 0x00, 0x00, 0x00, 0x00, 0x00, 0x00,
    0x00, 0x00, 0x00, 0x00, 0x00, 0x00, 0x00, 0x00, 0x00, 0x00, 0x00, 0x00, 0x00, 0x00, 0x00, 0x00,
    0x00, 0x00, 0x00, 0x00, 0x00, 0x00, 0x00, 0x00, 0x00, 0x00, 0x00, 0x00, 0x00, 0x00, 0x00, 0x00,
    0x00, 0x00, 0x00, 0x00, 0x00, 0x00, 0x00, 0x00, 0x00, 0x00, 0x00, 0x00, 0x00, 0x00, 0x00, 0x00,
    0x00, 0x00, 0x00, 0x00, 0x00, 0x00, 0x00, 0x00, 0x00, 0x00, 0x00, 0x00, 0x00, 0x00, 0x00, 0x00,
    0x00, 0x00, 0x00, 0x00, 0x00, 0x00, 0x00, 0x00, 0x00, 0x00, 0x00, 0x00, 0x00, 0x00, 0x00, 0x00,
    0x00, 0x00, 0x00, 0x00, 0x00, 0x00, 0x00, 0x00, 0x00, 0x00, 0x00, 0x00, 0x00, 0x00, 0x00, 0x00,
    0x00, 0x00, 0x00, 0x00, 0x00, 0x00, 0x00, 0x00, 0x00, 0x00, 0x00, 0x00, 0x00, 0x00, 0x00, 0x00,
    0x00, 0x00, 0x00, 0x00, 0x00, 0x00, 0x00, 0x00, 0x00, 0x00, 0x00, 0x00, 0x00, 0x00, 0x00, 0x00,
    0x00, 0x00, 0x00, 0x00, 0x00, 0x00, 0x00, 0x00, 0x00, 0x00, 0x00, 0x00, 0x00, 0x00, 0x00, 0x00,
    0x00, 0x00, 0x00, 0x00, 0x00, 0x00, 0x00, 0x00, 0x00, 0x00, 0x00, 0x00, 0x00, 0x00, 0x00, 0x00,
    0x00, 0x00, 0x00, 0x00, 0x00, 0x00, 0x00, 0x00, 0x00, 0x00, 0x00, 0x00, 0x00, 0x00, 0x00, 0x00,
    0x00, 0x00, 0x00, 0x00, 0x00, 0x00, 0x00, 0x00, 0x00, 0x00, 0x00, 0x00, 0x00, 0x00, 0x00, 0x00,
    0x00, 0x00, 0x00, 0x00, 0x00, 0x00, 0x00, 0x00, 0x00, 0x00, 0x00, 0x00, 0x00, 0x00, 0x00, 0x00,
    0x00, 0x00, 0x00, 0x00, 0x00, 0x00, 0x00, 0x00, 0x00, 0x00, 0x00, 0x00, 0x00, 0x00, 0x00, 0x00,
    0x00, 0x00, 0x00, 0x00, 0x00, 0x00, 0x00, 0x00, 0x00, 0x00, 0x00, 0x00, 0x00, 0x00, 0x00, 0x00,
    0x00, 0x00, 0x00, 0x00, 0x00, 0x00, 0x00, 0x00, 0x00, 0x00, 0x00, 0x00, 0x00, 0x00, 0x00, 0x00,
    0x00, 0x00, 0x00, 0x00, 0x00, 0x00, 0x00, 0x00, 0x00, 0x00, 0x00, 0x00, 0x00, 0x00, 0x00, 0x00,
    0x00, 0x00, 0x00, 0x00, 0x00, 0x00, 0x00, 0x00, 0x00, 0x00, 0x00, 0x00, 0x00, 0x00, 0x00, 0x00,
    0x00, 0x00, 0x00, 0x00, 0x00, 0x00, 0x00, 0x00, 0x00, 0x00, 0x00, 0x00, 0x00, 0x00, 0x00, 0x00,
    0x00, 0x00, 0x00, 0x00, 0x00, 0x00, 0x00, 0x00, 0x00, 0x00, 0x00, 0x00, 0x00, 0x00, 0x00, 0x00,
    0x00, 0x00, 0x00, 0x00, 0x00, 0x00, 0x00, 0x00, 0x00, 0x00, 0x00, 0x00, 0x00, 0x00, 0x00, 0x00,
    0x00, 0x00, 0x00, 0x00, 0x00, 0x00, 0x00, 0x00, 0x00, 0x00, 0x00, 0x00, 0x00, 0x00, 0x00, 0x00,
    0x00, 0x00, 0x00, 0x00, 0x00, 0x00, 0x00, 0x00, 0x00, 0x00, 0x00, 0x00, 0x00, 0x00, 0x00, 0x00,
    0x00, 0x00, 0x00, 0x00, 0x00, 0x00, 0x00, 0x00, 0x00, 0x00, 0x00, 0x00, 0x00, 0x00, 0x00, 0x00,
    0x00, 0x00, 0x00, 0x00, 0x00, 0x00, 0x00, 0x00, 0x00, 0x00, 0x00, 0x00, 0x00, 0x00, 0x00, 0x00,
    0x00, 0x00, 0x00, 0x00, 0x00, 0x00, 0x00, 0x00, 0x00, 0x00, 0x00, 0x00, 0x00, 0x00, 0x00, 0x00,
    0x00, 0x00, 0x00, 0x00, 0x00, 0x00, 0x00, 0x00, 0x00, 0x00, 0x00, 0x00, 0x00, 0x00, 0x00, 0x00,
    0x00, 0x00, 0x00, 0x00, 0x00, 0x00, 0x00, 0x00, 0x00, 0x00, 0x00, 0x00, 0x00, 0x00, 0x00, 0x00,
    0x00, 0x00, 0x00, 0x00, 0x00, 0x00, 0x00, 0x00, 0x00, 0x00, 0x00, 0x00, 0x00, 0x00, 0x00, 0x00,
    0x00, 0x00, 0x00, 0x00, 0x00, 0x00, 0x00, 0x00, 0x00, 0x00, 0x00, 0x00, 0x00, 0x00, 0x00, 0x00,
    0x00, 0x00, 0x00, 0x00, 0x00, 0x00, 0x00, 0x00, 0x00, 0x00, 0x00, 0x00, 0x00, 0x00, 0x00, 0x00,
    0x00, 0x00, 0x00, 0x00, 0x00, 0x00, 0x00, 0x00, 0x00, 0x00, 0x00, 0x00, 0x00, 0x00, 0x00, 0x00,
    0x00, 0x00, 0x00, 0x00, 0x00, 0x00, 0x00, 0x00, 0x00, 0x00, 0x00, 0x00, 0x00, 0x00, 0x00, 0x00,
    0x00, 0x00, 0x00, 0x00, 0x00, 0x00, 0x00, 0x00, 0x00, 0x00, 0x00, 0x00, 0x00, 0x00, 0x00, 0x00,
    0x00, 0x00, 0x00, 0x00, 0x00, 0x00, 0x00, 0x00, 0x00, 0x00, 0x00, 0x00, 0x00, 0x00, 0x00, 0x00,
    0x00, 0x00, 0x00, 0x00, 0x00, 0x00, 0x00, 0x00, 0x00, 0x00, 0x00, 0x00, 0x00, 0x00, 0x00, 0x00,
    0x00, 0x00, 0x00, 0x00, 0x00, 0x00, 0x00, 0x00, 0x00, 0x00, 0x00, 0x00, 0x00, 0x00, 0x00, 0x00,
    0x00, 0x00, 0x00, 0x00, 0x00, 0x00, 0x00, 0x00, 0x00, 0x00, 0x00, 0x00, 0x00, 0x00, 0x00, 0x00,
    0x00, 0x00, 0x00, 0x00, 0x00, 0x00, 0x00, 0x00, 0x00, 0x00, 0x00, 0x00, 0x00, 0x00, 0x00, 0x00,
    0x00, 0x00, 0x00, 0x00, 0x00, 0x00, 0x00, 0x00, 0x00, 0x00, 0x00, 0x00, 0x00, 0x00, 0x00, 0x00,
};

struct LogoBitmap {
  int size;
  const unsigned char* premultiplied_bgra;
};

inline constexpr LogoBitmap kLogoBitmaps[] = {
    {20, kLogoBgra20},
    {30, kLogoBgra30},
    {40, kLogoBgra40},
    {60, kLogoBgra60},
};

inline constexpr int kLogoBitmapCount =
    static_cast<int>(sizeof(kLogoBitmaps) / sizeof(kLogoBitmaps[0]));

}  // namespace imcodes::rd::brand

#endif  // IMCODES_REMOTE_DESKTOP_BRAND_LOGO_GENERATED_H_
